Data,Hora,Num,Temperatura,Umidade,"MP2,5_1",MP10_1,"MP2,5_2",MP10_2,Extra,Datetime
28/10/2023,00:00:00,1,25.0,71.91134813370324,10.413299894058552,38.46754796001123,24.49908636958194,18.457685837874177,1.185175593795163,2023-10-28 00:00:00
28/10/2023,00:10:00,2,25.658598336491718,71.82337267952695,19.579765447314525,30.84397386489848,18.196051650365348,23.141344983674305,0.9398110194585916,2023-10-28 00:10:00
28/10/2023,00:20:00,3,26.314336886585814,85.5520418212495,21.621924985583483,36.29558153447528,9.37811962326174,39.748504777522,1.0669431263794626,2023-10-28 00:20:00
28/10/2023,00:30:00,4,26.96436828173908,82.67081815881572,20.074775636992012,41.47233751433687,16.154596444173478,38.6014703713013,0.9607731032499258,2023-10-28 00:30:00
28/10/2023,00:40:00,5,27.605869935195845,86.28215027310705,9.544055633108028,26.400055921436344,22.731749891022343,20.3431885567878,1.1218663359736107,2023-10-28 00:40:00
28/10/2023,00:50:00,6,28.23605629831296,73.50425289170079,15.651125037209324,20.97376071219804,9.94666788266261,39.88787031082247,0.9883490250783562,2023-10-28 00:50:00
28/10/2023,01:00:00,7,28.852190956056624,36.37613300899229,8.307687274833802,24.29298718242126,10.812226050376117,40.42889431114802,1.107894242005347,2023-10-28 01:00:00
28/10/2023,01:10:00,8,29.451598509149807,88.11801978542402,17.83855631593662,43.56070644140889,18.082731334175318,19.76448448496068,0.9484094424379657,2023-10-28 01:10:00
28/10/2023,01:20:00,9,30.03167619127504,80.89148754982423,11.623918917492414,17.010789646324543,13.655062813745008,27.431913622781945,1.0279140266125992,2023-10-28 01:20:00
28/10/2023,01:30:00,10,30.589905170888134,75.3914714953445,12.180371057973984,39.4382142985758,9.147481108967176,32.53736505060623,0.7670929478410896,2023-10-28 01:30:00
28/10/2023,01:40:00,11,31.12386148856771,59.32774053317122,11.236510624858102,41.67151136917764,22.57772482140729,33.86718884012585,0.9278231936210464,2023-10-28 01:40:00
28/10/2023,01:50:00,12,31.63122658240795,33.973536622283035,14.460660267186244,31.191805379494703,21.11565007884899,21.60135381117071,0.9281706816008912,2023-10-28 01:50:00
28/10/2023,02:00:00,13,32.10979735575102,75.03177730046053,23.78908776257967,34.28141995385279,15.44857175003682,30.79610523737162,0.9653138571914218,2023-10-28 02:00:00
28/10/2023,02:10:00,14,32.55749574354258,71.11574720694446,17.84279300418247,45.096959044294486,18.32212358077296,40.018904724038656,1.128730570170735,2023-10-28 02:10:00
28/10/2023,02:20:00,15,32.97237773577123,45.03662050251094,9.201058766232986,25.339880170428643,17.803949784044143,22.925866603400426,1.040500341696489,2023-10-28 02:20:00
28/10/2023,02:30:00,16,33.35264181880984,76.15280964278602,14.846896549933527,34.64112560080054,24.241465019783213,33.66369063017051,0.9029498768560448,2023-10-28 02:30:00
28/10/2023,02:40:00,17,33.69663679800469,86.87255267747608,19.848976866961006,28.57191640246264,15.75769041534338,38.448862340196754,1.1144368984306772,2023-10-28 02:40:00
28/10/2023,02:50:00,18,34.00286896754474,38.399197663060086,22.437994293442035,32.44215370231734,17.500359266930275,21.186706404505497,1.195385100509237,2023-10-28 02:50:00
28/10/2023,03:00:00,19,34.27000859647801,32.751404702322,10.080033693265587,15.822537015189797,7.851892172968499,24.96797025669992,0.8911006185035049,2023-10-28 03:00:00
28/10/2023,03:10:00,20,34.49689570271107,64.68750497623974,6.81736557747612,40.542743686199415,14.10235491905408,47.43821434271879,1.0106169804915457,2023-10-28 03:10:00
28/10/2023,03:20:00,21,34.682545089919785,52.2364470181585,10.12592733937109,22.973688545021844,5.306054842607355,23.604041830234944,1.057491205394027,2023-10-28 03:20:00
28/10/2023,03:30:00,22,34.82615062549973,39.706708383722535,12.35902182425015,42.01796106003733,18.57784927907504,29.334466094641773,1.033348144866256,2023-10-28 03:30:00
28/10/2023,03:40:00,23,34.92708874098054,78.12146744963583,5.80374606896124,13.672310491368332,13.47865230966907,35.95904034029583,1.0160635810424172,2023-10-28 03:40:00
28/10/2023,03:50:00,24,34.98492113970451,76.09895994451998,6.409387617382949,46.34941687846149,8.383584507381565,26.721935011646124,1.041770258665896,2023-10-28 03:50:00
28/10/2023,04:00:00,25,34.99939670001213,58.93504129495146,16.566687298006823,20.26975032284241,20.830449763497604,36.54769471468741,0.9936071642662015,2023-10-28 04:00:00
28/10/2023,04:10:00,26,34.97045256567043,64.62288747538457,10.369613674813834,30.05509451020828,16.55824694472738,45.50697253221357,0.978073790661269,2023-10-28 04:10:00
28/10/2023,04:20:00,27,34.898214418809324,37.602121414499166,6.488508196988027,48.90737537192842,10.292866325256592,40.32636984627167,1.079660840242564,2023-10-28 04:20:00
28/10/2023,04:30:00,28,34.78299593418069,72.23332268835276,13.67619835610445,15.304829603066295,24.336955573440505,25.89939661507458,0.9753807842226572,2023-10-28 04:30:00
28/10/2023,04:40:00,29,34.625297417109984,72.18414503974077,13.274530721635893,17.835474329426127,11.925706567881456,16.739162386050733,0.9526388763709548,2023-10-28 04:40:00
28/10/2023,04:50:00,30,34.42580363105478,84.24298192566253,7.493283228615859,19.637123502309414,14.716541690928864,46.1738552997098,1.0243657381058031,2023-10-28 04:50:00
28/10/2023,05:00:00,31,34.185380824203314,80.96926996782854,22.187440794429165,20.016827080128348,12.589707244641,31.773670688884145,0.94694968847037,2023-10-28 05:00:00
28/10/2023,05:10:00,32,33.90507296802443,83.41026437856968,10.43753132908862,26.176646317032723,5.85978172680556,31.073288929964814,1.081718241834804,2023-10-28 05:10:00
28/10/2023,05:20:00,33,33.58609722410176,81.58452097412001,13.158799750520071,43.60555131510462,20.690130926850767,33.93100866373332,0.9916639434487364,2023-10-28 05:20:00
28/10/2023,05:30:00,34,33.229838658936565,53.095110001581375,15.802773154581152,24.56893440963087,24.902903731223347,16.377175963243012,0.9296107937054936,2023-10-28 05:30:00
28/10/2023,05:40:00,35,32.83784422966831,32.40302864794472,21.53600598609849,42.09091843780544,20.38867580829897,36.566799880867926,0.9832952068662172,2023-10-28 05:40:00
28/10/2023,05:50:00,36,32.41181606682885,60.38709779528455,23.361074741712315,47.61589082966461,14.188991048033516,16.130192972774687,0.8783778292623835,2023-10-28 05:50:00
28/10/2023,06:00:00,37,31.95360408329767,64.45501875715861,12.522027170992436,31.705759497833167,24.10372653425729,39.60369385906185,0.8687481046580419,2023-10-28 06:00:00
28/10/2023,06:10:00,38,31.465197941552056,52.51377084444654,18.93523474622936,31.058903731160758,23.28442309190172,20.194681517972,0.916717180154885,2023-10-28 06:10:00
28/10/2023,06:20:00,39,30.948718414092163,33.78222471044815,9.667038162682042,43.347243562887705,7.590471653483357,47.181661027779256,1.0140744083451143,2023-10-28 06:20:00
28/10/2023,06:30:00,40,30.406408174555978,50.706424967050175,17.30922922123303,38.51879423457148,13.209163948304672,41.63953247389541,0.887076177463721,2023-10-28 06:30:00
28/10/2023,06:40:00,41,29.84062205951137,39.33146627505566,23.58329166628176,40.81636813650656,16.548338031677837,49.46141478437536,1.213011041632225,2023-10-28 06:40:00
28/10/2023,06:50:00,42,29.25381684321075,85.54326773770919,14.913825210496183,47.36561768847133,7.599373422364977,14.729300918250216,1.0652140442879043,2023-10-28 06:50:00
28/10/2023,07:00:00,43,28.64854056970864,47.649960542571705,8.193692993304085,25.921060619521874,23.253381503965727,47.73385953658364,0.9161279529170016,2023-10-28 07:00:00
28/10/2023,07:10:00,44,28.027421488664725,49.67060189362233,21.27289053451885,22.36099890861127,20.15734383580669,16.989491868274268,1.0172075542522006,2023-10-28 07:10:00
28/10/2023,07:20:00,45,27.39315664287558,43.89582622490298,19.29361548010285,12.55464819125486,24.150238591907083,15.42180202853774,0.9850877788389636,2023-10-28 07:20:00
28/10/2023,07:30:00,46,26.74850015709065,37.2510537116571,13.887954321617013,31.61964035241656,15.462482489799418,16.681479359228906,1.1340624038831386,2023-10-28 07:30:00
28/10/2023,07:40:00,47,26.096251278965177,53.40946322875544,7.913235872695257,12.167302829615211,15.79676463428564,46.87465776886296,1.116229527454351,2023-10-28 07:40:00
28/10/2023,07:50:00,48,25.439242224079088,36.2142069557852,21.23268619935983,33.90247088484529,13.3624102348539,15.673107603468278,1.0227696414572298,2023-10-28 07:50:00
28/10/2023,08:00:00,49,24.78032587780146,64.93044722993858,10.299795486491508,28.709921727023197,16.893641804034104,48.8205251895796,0.8256644082775035,2023-10-28 08:00:00
28/10/2023,08:10:00,50,24.122363407401977,54.04871105954168,10.916868915149598,17.5956843132635,13.287194872641834,13.654959549415038,0.9064417822161212,2023-10-28 08:10:00
28/10/2023,08:20:00,51,23.468211838200524,70.73472968810458,10.746475822696253,29.880698910914703,18.91526063999621,10.005061156166292,1.1399995198191604,2023-10-28 08:20:00
28/10/2023,08:30:00,52,22.82071164770202,71.37263881689529,14.97265064823056,41.69497923512168,8.550089788007838,21.151096660132747,0.9762932520546652,2023-10-28 08:30:00
28/10/2023,08:40:00,53,22.182674431585703,41.47056416865482,7.871544387063007,21.315593992391,9.717820006583915,34.11318281171397,0.9907286568816092,2023-10-28 08:40:00
28/10/2023,08:50:00,54,21.556870695106028,41.37972986618378,16.860099537451028,37.96155425106093,20.38436466166404,39.4316369688583,0.8813386866684889,2023-10-28 08:50:00
28/10/2023,09:00:00,55,20.94601782291764,76.95864497272035,19.577666788641903,17.307521223508076,8.288396571307779,44.48293180199546,0.945050928587942,2023-10-28 09:00:00
28/10/2023,09:10:00,56,20.35276827956232,42.48358902733267,13.931388563085838,46.39210476899328,22.488490091512443,32.199080552721924,0.978308536742542,2023-10-28 09:10:00
28/10/2023,09:20:00,57,19.7796980918541,46.48281234877842,19.31537750213071,31.62589882502274,24.780813422865226,24.74001535979896,1.0451826131395745,2023-10-28 09:20:00
28/10/2023,09:30:00,58,19.229295663174653,81.74191767975063,17.2889843612598,13.247068794215986,24.804788579089852,13.025625993972456,1.0273647417612133,2023-10-28 09:30:00
28/10/2023,09:40:00,59,18.70395096824989,65.39773329892306,22.63969224355501,40.78755521389288,11.039847604621349,46.763544348125656,1.0143462136579642,2023-10-28 09:40:00
28/10/2023,09:50:00,60,18.20594517532662,61.845699232621406,15.28069416666037,41.68415648188852,18.84997538678759,46.88650033551411,0.9855375110421594,2023-10-28 09:50:00
28/10/2023,10:00:00,61,30.0,57.730975718889866,6.100935577743554,30.74128814095476,8.992933687122084,19.5114729258864,0.9306775606847756,2023-10-28 10:00:00
28/10/2023,10:10:00,62,30.0,40.77109581462661,13.811043354297738,44.27002575982223,19.40391663075299,14.1167373754018,1.0432060013289297,2023-10-28 10:10:00
28/10/2023,10:20:00,63,30.0,73.45552764490915,18.048924195319124,18.06132627070788,9.456065937084404,21.68552623318866,0.8987821093791131,2023-10-28 10:20:00
28/10/2023,10:30:00,64,30.0,47.21206771316248,6.389878397771729,13.10317973062125,11.85588417702246,11.433872897104273,0.9003222045532654,2023-10-28 10:30:00
28/10/2023,10:40:00,65,30.0,52.617518079212765,13.586596348072623,46.76769965313392,13.414127498839807,25.386926744415312,1.0160994253836095,2023-10-28 10:40:00
28/10/2023,10:50:00,66,30.0,59.0150079319874,11.03393887194186,43.65177418001922,11.337323468569153,24.617435954755656,1.0769057509953872,2023-10-28 10:50:00
28/10/2023,11:00:00,67,30.0,60.17142686005178,9.138867680075409,34.65555464766376,8.076868658870103,34.892084525350775,0.8912388197475252,2023-10-28 11:00:00
28/10/2023,11:10:00,68,30.0,56.90096396111651,24.847595580773813,44.07052565503992,7.894044062484921,21.681655121109703,1.025318861329951,2023-10-28 11:10:00
28/10/2023,11:20:00,69,30.0,49.205846305550025,23.41279535147553,42.877194363505296,5.805983933911505,32.276141651142275,1.0217749427042044,2023-10-28 11:20:00
28/10/2023,11:30:00,70,30.0,81.1028140458115,6.602379190088834,32.809196820487095,6.980007176128904,48.809615704901866,1.130144036257832,2023-10-28 11:30:00
28/10/2023,11:40:00,71,30.0,76.0277214661703,7.444932484061299,11.467279167528195,10.81379863850464,23.309879781589537,0.9993519298226992,2023-10-28 11:40:00
28/10/2023,11:50:00,72,30.0,80.54954187298611,9.959188208909216,46.49389588987312,18.146316691789853,19.146250528805677,0.8558752426958416,2023-10-28 11:50:00
28/10/2023,12:00:00,73,30.0,41.976371371176526,21.452604720682217,44.91728071946175,16.97947293676041,48.07272813502281,1.0042255434527838,2023-10-28 12:00:00
28/10/2023,12:10:00,74,30.0,46.29199038980288,7.613830201541562,32.40069891685029,23.484802104056943,19.95005689486384,1.009336829417068,2023-10-28 12:10:00
28/10/2023,12:20:00,75,30.0,55.93203143323525,7.315062445977361,18.52694272098986,18.36790137107294,44.38958320017925,0.8588616157070678,2023-10-28 12:20:00
28/10/2023,12:30:00,76,30.0,62.35644860768429,13.80594761429894,29.361486000969883,23.136307460477305,32.27087604516292,1.0842705596955908,2023-10-28 12:30:00
28/10/2023,12:40:00,77,30.0,31.101598998951573,15.81082639014746,25.242113935735475,18.22182661178861,39.88965481193512,0.9288768814556646,2023-10-28 12:40:00
28/10/2023,12:50:00,78,30.0,72.47107533197317,10.326851805760189,40.75920954384237,15.024192001791882,27.975638816533944,0.8676625934184778,2023-10-28 12:50:00
28/10/2023,13:00:00,79,30.0,63.56300907201014,9.63188976988694,34.589576406999186,20.712622041931265,12.639407830210354,0.9866517340013088,2023-10-28 13:00:00
28/10/2023,13:10:00,80,30.0,37.62892541320195,14.987856549575827,10.763250156156992,15.579516180855668,21.067528454536905,1.043973069081697,2023-10-28 13:10:00
28/10/2023,13:20:00,81,30.0,75.82440765267448,16.98871749510422,23.669686504994765,19.9135530632502,14.49070671047518,1.0989727953750563,2023-10-28 13:20:00
28/10/2023,13:30:00,82,30.0,33.28411693770917,18.28073248825576,18.38166360459521,7.41012660747632,36.79025363142555,0.8195309726120927,2023-10-28 13:30:00
28/10/2023,13:40:00,83,30.0,50.44782643776031,14.521266777069236,34.39744665380788,14.215081428520186,27.30361053879374,0.9902343603626392,2023-10-28 13:40:00
28/10/2023,13:50:00,84,30.0,44.43927052250548,18.894375149268576,33.49825616252716,21.17142665548181,13.65370156354714,1.0065963012238792,2023-10-28 13:50:00
28/10/2023,14:00:00,85,30.0,87.86569842842768,20.677168692919885,24.380117264991853,15.121796684695122,15.43418925194228,0.9408738688649712,2023-10-28 14:00:00
28/10/2023,14:10:00,86,30.0,73.14222578552537,16.013002300171436,12.973447213064391,9.976182118691348,43.23932475938607,1.0713398377469203,2023-10-28 14:10:00
28/10/2023,14:20:00,87,30.0,66.58024110059202,5.794752148177411,36.800931401662325,8.32662974153476,40.36867649483832,0.961249665072709,2023-10-28 14:20:00
28/10/2023,14:30:00,88,30.0,30.20297375930403,16.394324117783327,12.71024607454054,9.462824380919113,23.98104748113555,0.8934013976390285,2023-10-28 14:30:00
28/10/2023,14:40:00,89,30.0,77.37748272184155,17.32904494864147,20.846028173049824,16.013654462885203,44.88545210085039,0.9940647866186164,2023-10-28 14:40:00
28/10/2023,14:50:00,90,30.0,41.40969650166012,18.25035084895185,30.144097557200368,8.882603781735652,27.573905327225077,0.9686757409093988,2023-10-28 14:50:00
28/10/2023,15:00:00,91,30.0,44.57162920858329,5.348652161867418,43.46866730474916,6.727641296845892,29.20634402656674,1.0463246623579228,2023-10-28 15:00:00
28/10/2023,15:10:00,92,30.0,53.71489766907092,7.56374520550481,37.25387877803975,13.012216071830569,45.96031573421876,0.8977973330946483,2023-10-28 15:10:00
28/10/2023,15:20:00,93,30.0,67.21257414815737,9.059183998930864,21.845440076611737,20.249021868484597,38.06067895668618,1.143116702463781,2023-10-28 15:20:00
28/10/2023,15:30:00,94,30.0,47.22053801630836,15.939806363612636,10.849076412054256,19.30792199449965,28.678143130065298,0.978329175090431,2023-10-28 15:30:00
28/10/2023,15:40:00,95,30.0,30.787339802210568,8.125788712446433,48.52419315932786,15.519703565645528,34.882900879001056,1.0470704324646474,2023-10-28 15:40:00
28/10/2023,15:50:00,96,30.0,52.66437083659566,6.972548045720128,20.37446370337768,22.74332909034827,13.90930850111705,1.060171237260363,2023-10-28 15:50:00
28/10/2023,16:00:00,97,30.0,35.84353076923444,8.94397169377412,23.90210631374215,20.055250673468315,45.79087702363608,1.173929288863687,2023-10-28 16:00:00
28/10/2023,16:10:00,98,30.0,66.44893139467874,16.29499543431286,48.98973495097751,17.321272616974213,18.82859636855159,1.0859779911411525,2023-10-28 16:10:00
28/10/2023,16:20:00,99,30.0,81.61368228315982,24.60497106743438,35.466234120319044,10.617156482045274,24.866125843425376,0.9713068457754794,2023-10-28 16:20:00
28/10/2023,16:30:00,100,30.0,63.18373965435961,22.71480162609364,11.38150672743533,20.148557507866222,21.62666155005541,1.1261654444325666,2023-10-28 16:30:00
28/10/2023,16:40:00,101,30.0,88.15404483063892,16.04830589841085,30.984885766267787,23.253956873764626,15.563156055135238,1.173813743598513,2023-10-28 16:40:00
28/10/2023,16:50:00,102,30.0,81.47585737830241,24.550455570323265,45.96334893512174,15.112704976636302,26.79400379683381,0.92107427956141,2023-10-28 16:50:00
28/10/2023,17:00:00,103,30.0,54.048952527982976,6.643489909095193,38.29201761086912,10.65667071669995,20.775656705522103,1.0792746956024246,2023-10-28 17:00:00
28/10/2023,17:10:00,104,30.0,59.48977155131419,15.563710908368504,42.34935079176456,21.417491725069755,22.774360999801644,1.0465260309467193,2023-10-28 17:10:00
28/10/2023,17:20:00,105,30.0,63.03156587756709,14.004290175706352,31.552609273965263,13.380922657266952,11.784508038148896,0.9787273561900898,2023-10-28 17:20:00
28/10/2023,17:30:00,106,30.0,89.28758933276677,10.286455581899345,13.61398266467254,14.003097033408814,11.10959985034924,0.8883295665934581,2023-10-28 17:30:00
28/10/2023,17:40:00,107,30.0,33.594373316723335,17.96328543090867,42.58376984734646,14.967464332444704,47.19520196696028,1.0648596829996582,2023-10-28 17:40:00
28/10/2023,17:50:00,108,30.0,88.4977496518894,5.224586983416987,26.49219369116289,22.19234982683674,46.17832418448696,1.0434889186355272,2023-10-28 17:50:00
28/10/2023,18:00:00,109,32.41181606682885,52.258755410002,18.86994783439884,15.270295924403392,22.000724748412587,17.358468186367265,0.864958619506447,2023-10-28 18:00:00
28/10/2023,18:10:00,110,32.837844229668306,72.60619626194747,14.842046429019074,49.20568049749122,18.24409098233289,34.10131675510531,1.1175036896927015,2023-10-28 18:10:00
28/10/2023,18:20:00,111,33.22983865893656,54.83236745638224,14.287453208297055,10.81201636888328,12.099389311765808,40.5946852542702,1.1656453035512948,2023-10-28 18:20:00
28/10/2023,18:30:00,112,33.58609722410176,72.91408146046393,14.347054401009276,39.69198147075092,15.071414524241838,21.67770340168356,0.9129300903971016,2023-10-28 18:30:00
28/10/2023,18:40:00,113,33.90507296802442,35.024214518495434,20.56608865087956,20.31936644172437,22.504471084789405,33.51356000842851,1.0746054176700808,2023-10-28 18:40:00
28/10/2023,18:50:00,114,34.185380824203314,88.25510268356055,7.994080620757426,42.40637466066181,18.03239595016561,27.81916445351158,1.0149137826146903,2023-10-28 18:50:00
28/10/2023,19:00:00,115,34.42580363105477,72.33131141432548,7.88512099735613,28.16552587234048,7.395429484570684,27.33494045238193,0.943327342779146,2023-10-28 19:00:00
28/10/2023,19:10:00,116,34.625297417109984,82.03241040009617,18.13377838905296,39.65474718296392,12.542432817348086,13.289143549025331,0.7984164304774718,2023-10-28 19:10:00
28/10/2023,19:20:00,117,34.78299593418068,68.16714459883852,15.72178851505456,43.438077346434426,12.656544774708763,47.266181021317,1.0698237307894165,2023-10-28 19:20:00
28/10/2023,19:30:00,118,34.898214418809324,38.39031493577929,13.744163577830868,35.71155897435368,9.769646559660794,10.170354333470932,1.124798257542036,2023-10-28 19:30:00
28/10/2023,19:40:00,119,34.97045256567043,55.46269934093743,6.425981120627986,35.75174588654936,18.313788111660468,39.53353374077284,1.065471057660383,2023-10-28 19:40:00
28/10/2023,19:50:00,120,34.99939670001213,75.28550734675672,15.664050019883655,25.74025727961456,21.273472495394795,26.351011112991745,1.0036139471748065,2023-10-28 19:50:00
28/10/2023,20:00:00,121,34.98492113970451,32.34276998463128,17.272730152021794,32.23931280049087,20.81533288179126,23.6489000398544,0.9951249818316932,2023-10-28 20:00:00
28/10/2023,20:10:00,122,34.92708874098054,38.55038624823635,5.843768494862047,39.57439691567113,11.15747434222074,24.886329605212897,1.0656285112543398,2023-10-28 20:10:00
28/10/2023,20:20:00,123,34.82615062549973,37.60969992658029,6.512483566738501,28.90087864523934,9.901660964522437,40.71232322830771,1.0034623263450335,2023-10-28 20:20:00
28/10/2023,20:30:00,124,34.68254508991979,85.16344222473202,10.444553602613642,49.33891810210677,8.33170525522409,15.01188938411464,1.0400699212235422,2023-10-28 20:30:00
28/10/2023,20:40:00,125,34.49689570271107,60.65416356761804,13.860246715914084,41.00286005903029,15.877169456440152,44.31883299867585,0.9040435781500058,2023-10-28 20:40:00
28/10/2023,20:50:00,126,34.27000859647801,84.98804092330572,16.85808501902347,34.313987004094066,13.679972078053474,26.00736811918992,1.1478056599850877,2023-10-28 20:50:00
28/10/2023,21:00:00,127,34.00286896754474,76.10642282493335,19.00857151312733,26.99656429693612,8.142622678870115,16.605989789144072,0.9068752074978408,2023-10-28 21:00:00
28/10/2023,21:10:00,128,33.6966367980047,85.282197271977,14.001977258348084,35.85310209872836,22.912501803192985,38.70349700691249,0.8930223455949824,2023-10-28 21:10:00
28/10/2023,21:20:00,129,33.35264181880985,80.28148046476016,14.741734358321438,17.842704135983297,8.255444214610616,18.87864346533092,1.1289609516003458,2023-10-28 21:20:00
28/10/2023,21:30:00,130,32.97237773577123,67.0986780843555,9.076355027149535,23.527869679264683,15.620693103485896,17.873186867089956,0.9601355622442984,2023-10-28 21:30:00
28/10/2023,21:40:00,131,32.5574957435426,59.9389608486285,7.067433274360586,47.15666360102067,17.077864093151856,25.824661107227826,0.9936856646827712,2023-10-28 21:40:00
28/10/2023,21:50:00,132,32.10979735575103,46.99978841040523,13.124488008577512,22.02207679049764,16.67948023033394,22.20736016070152,0.977327960849257,2023-10-28 21:50:00
28/10/2023,22:00:00,133,31.631226582407955,75.5962113210754,10.74716495008552,12.753973604302264,11.733217532525684,35.31202609580545,1.080260259653881,2023-10-28 22:00:00
28/10/2023,22:10:00,134,31.12386148856771,89.83666756894924,22.7250024149598,24.524214152878397,9.857474918090327,32.65415509471359,1.0310611331233803,2023-10-28 22:10:00
28/10/2023,22:20:00,135,30.589905170888144,54.23298194636549,6.588853543049824,49.81805599532241,12.463152148570718,24.092573747911334,0.90549645629288,2023-10-28 22:20:00
28/10/2023,22:30:00,136,30.031676191275047,51.45550389253818,19.26000966415489,17.75275020336359,19.874842974346336,13.60637892847828,0.8093379516210886,2023-10-28 22:30:00
28/10/2023,22:40:00,137,29.45159850914981,69.957509322855,18.598357829644804,26.306604386697103,6.585465636985067,20.47932214378391,0.9332427085108056,2023-10-28 22:40:00
28/10/2023,22:50:00,138,28.85219095605664,36.36593800271685,8.139864446596864,48.521889121658106,15.245843614262636,28.417285971479338,1.066572620716168,2023-10-28 22:50:00
28/10/2023,23:00:00,139,28.236056298312967,82.64538627494177,18.260980827416155,16.001149281144706,14.810844305449988,14.632320082483048,0.8732993199290473,2023-10-28 23:00:00
28/10/2023,23:10:00,140,27.60586993519585,44.4371954171893,19.14606076541237,43.82815121192895,6.687269589452076,14.60493302382644,1.1191590669376268,2023-10-28 23:10:00
28/10/2023,23:20:00,141,26.96436828173908,46.76424401361241,12.474186168872826,25.68212669096117,8.93948896971426,47.19366367345402,0.9685792761185464,2023-10-28 23:20:00
28/10/2023,23:30:00,142,26.314336886585828,61.46980729266282,6.961407647854639,47.38464220697497,6.716608828548491,39.20814397567205,0.8858328800478359,2023-10-28 23:30:00
28/10/2023,23:40:00,143,25.65859833649172,60.78912713967004,5.766505219171858,10.90218103691765,23.363634750383863,34.78665774658616,0.9791699927599142,2023-10-28 23:40:00
28/10/2023,23:50:00,144,25.000000000000004,57.45584625103568,14.788968454358074,42.72026330580173,6.071784814082233,19.82691675291909,0.8618022927750116,2023-10-28 23:50:00
29/10/2023,00:00:00,1,25.0,50.0,9.578115407144391,18.22186861386038,16.789109236324002,25.65297372350417,0.0350227267968654,2023-10-29 00:00:00
29/10/2023,00:10:00,2,25.658598336491718,50.43924222407909,11.446505400151086,19.699813902497485,14.361340886545742,24.36405168939373,0.5838585335631931,2023-10-29 00:10:00
29/10/2023,00:20:00,3,26.314336886585814,50.87763659259803,10.7430371370575,18.68750619332611,14.457740812608147,25.696093275219862,0.4457614457225007,2023-10-29 00:20:00
29/10/2023,00:30:00,4,26.96436828173908,51.31433688658581,8.088852119461762,20.004249458201304,14.464184461725976,24.491278838715445,0.9446375211716512,2023-10-29 00:30:00
29/10/2023,00:40:00,5,27.605869935195845,51.748500157090646,8.75381791249032,19.82159121735238,14.209903873636078,25.245271367919333,0.3746663044546963,2023-10-29 00:40:00
29/10/2023,00:50:00,6,28.23605629831296,52.17928835229798,11.067705044469268,19.473040947974884,14.323136007873394,25.78556142933568,0.3471814312420896,2023-10-29 00:50:00
29/10/2023,01:00:00,7,28.852190956056624,52.60586993519584,11.33123158901648,17.149116852208373,16.05154346732961,24.82202278925894,0.9673202914054488,2023-10-29 01:00:00
29/10/2023,01:10:00,8,29.451598509149807,53.02742148866472,9.300670971631854,21.461120733964663,14.849076941663618,23.546740972638283,0.4575564781390283,2023-10-29 01:10:00
29/10/2023,01:20:00,9,30.03167619127504,53.44312930489397,9.385813977887908,19.93767850564853,15.657048662347432,25.575883670666624,0.8872898989054083,2023-10-29 01:20:00
29/10/2023,01:30:00,10,30.589905170888134,53.852190956056624,9.101520900283893,20.677632297778235,15.33123641229008,26.002230963945717,0.3623738170746082,2023-10-29 01:30:00
29/10/2023,01:40:00,11,31.12386148856771,54.25381684321075,9.416402371648186,18.50818446541087,14.7217922128246,24.24133516580926,0.7579114231715723,2023-10-29 01:40:00
29/10/2023,01:50:00,12,31.63122658240795,54.64723172043769,9.662309190441023,20.0681323305401,14.913606066611091,25.887803421249565,0.7820661348457607,2023-10-29 01:50:00
29/10/2023,02:00:00,13,32.10979735575102,55.03167619127504,9.76962402399825,19.14085501542532,14.425439837215055,23.716992692260664,0.2245543301898884,2023-10-29 02:00:00
29/10/2023,02:10:00,14,32.55749574354258,55.40640817455598,11.660926438656569,20.205510554072266,14.958508196441988,25.907972262874825,0.026808246023954,2023-10-29 02:10:00
29/10/2023,02:20:00,15,32.97237773577123,55.77070433682536,11.151197608745772,20.45240614050298,16.317088886323734,24.537718728590413,0.9469739262151426,2023-10-29 02:20:00
29/10/2023,02:30:00,16,33.35264181880984,56.123861488567705,12.189030508299902,18.188290319593275,16.759667482284197,23.911969993342545,0.7406903432890813,2023-10-29 02:30:00
29/10/2023,02:40:00,17,33.69663679800469,56.465197941552056,9.101723275331846,20.71279640332914,15.021224277047276,24.2182626372456,0.4376125849871207,2023-10-29 02:40:00
29/10/2023,02:50:00,18,34.00286896754474,56.79405482467338,8.847506133692857,19.37804218220375,15.64174071461202,25.56709627560097,0.350655503746475,2023-10-29 02:50:00
29/10/2023,03:00:00,19,34.27000859647801,57.10979735575102,10.005824276375728,20.62607223728336,16.617927280402178,25.80610408120361,0.979680046359566,2023-10-29 03:00:00
29/10/2023,03:10:00,20,34.49689570271107,57.41181606682885,11.428558927752793,18.94400772101066,13.993866791795393,23.757716541949904,0.9182025586949106,2023-10-29 03:10:00
29/10/2023,03:20:00,21,34.682545089919785,57.6995279806123,9.69648813638296,20.52777242587675,15.104605863326611,23.206919515918774,0.0271605187502802,2023-10-29 03:20:00
29/10/2023,03:30:00,22,34.82615062549973,57.97237773577123,9.047447694300129,19.161297034278267,14.565635514425049,26.763680867964236,0.4532253206280954,2023-10-29 03:30:00
29/10/2023,03:40:00,23,34.92708874098054,58.229838658936565,10.754770995146018,20.350847043465738,15.45184264510014,25.055514721444464,0.2546091753114722,2023-10-29 03:40:00
29/10/2023,03:50:00,24,34.98492113970451,58.471413781321466,9.682360314526736,20.19435449489357,14.832702182916083,25.641830066213824,0.4260792813000217,2023-10-29 03:50:00
29/10/2023,04:00:00,25,34.99939670001213,58.69663679800469,8.982217246337186,21.62027315594657,12.99184750648099,27.222434894405172,0.3123670498076502,2023-10-29 04:00:00
29/10/2023,04:10:00,26,34.97045256567043,58.90507296802442,9.56278843186544,20.199786392432213,13.258669229441114,24.09058008884669,0.6019064261746836,2023-10-29 04:10:00
29/10/2023,04:20:00,27,34.898214418809324,59.09631995354518,9.359162017279088,20.02088627114244,14.937531130062736,24.30168997614185,0.960222502521319,2023-10-29 04:20:00
29/10/2023,04:30:00,28,34.78299593418069,59.27000859647801,10.095923615302556,19.399424392330104,14.099415211970175,25.459834164916145,0.4386256024181508,2023-10-29 04:30:00
29/10/2023,04:40:00,29,34.625297417109984,59.42580363105478,10.78396230335946,19.83798029180184,15.39720359601328,25.509805594699472,0.9467403306567528,2023-10-29 04:40:00
29/10/2023,04:50:00,30,34.42580363105478,59.56340433098128,9.95348481105539,21.861989448742367,15.481017693723262,25.55667353073574,0.2380329532263796,2023-10-29 04:50:00
29/10/2023,05:00:00,31,34.185380824203314,59.682545089919785,10.434727974185858,19.461911306506178,15.054507114364505,22.91139225959448,0.2012315316155418,2023-10-29 05:00:00
29/10/2023,05:10:00,32,33.90507296802443,59.78299593418069,10.738734999931443,20.105849402453654,15.996144269367331,23.8636876894119,0.3193115388426379,2023-10-29 05:10:00
29/10/2023,05:20:00,33,33.58609722410176,59.86456296663352,9.767045617791574,20.96211606173741,15.17526868495328,25.09020433756024,0.6636747009937171,2023-10-29 05:20:00
29/10/2023,05:30:00,34,33.229838658936565,59.92708874098054,12.209656156977092,17.789449517367746,15.854968702186406,24.43373508859765,0.4317198989552882,2023-10-29 05:30:00
29/10/2023,05:40:00,35,32.83784422966831,59.97045256567043,9.161996917575037,17.436015869544434,16.739870573170734,26.862573981659622,0.901075195961714,2023-10-29 05:40:00
29/10/2023,05:50:00,36,32.41181606682885,59.994570736865406,9.849512624038493,19.795735470685383,16.319354079078156,24.6164300635389,0.092758513053736,2023-10-29 05:50:00
29/10/2023,06:00:00,37,31.95360408329767,59.99939670001213,9.577168331443794,19.663864086508028,14.103066763543854,26.30027309410624,0.7700631744567287,2023-10-29 06:00:00
29/10/2023,06:10:00,38,31.465197941552056,59.98492113970451,10.897697352165212,20.251015397714376,14.357287037362452,25.29956802626857,0.9138247013623852,2023-10-29 06:10:00
29/10/2023,06:20:00,39,30.948718414092163,59.95117199766496,9.66375027944956,19.57046912396028,15.1261291770319,24.93393864571374,0.814862995261495,2023-10-29 06:20:00
29/10/2023,06:30:00,40,30.406408174555978,59.89821441880933,9.736377329226825,21.075601484581288,15.633409107901851,24.665792815380176,0.5748700417100571,2023-10-29 06:30:00
29/10/2023,06:40:00,41,29.84062205951137,59.826150625499736,10.976743774736391,20.42513468322718,15.139645298068332,25.96102728010716,0.0088784234421697,2023-10-29 06:40:00
29/10/2023,06:50:00,42,29.25381684321075,59.7351197202279,8.974283727809793,18.29195932075051,13.545024040227014,25.100734664829265,0.5843773769103879,2023-10-29 06:50:00
29/10/2023,07:00:00,43,28.64854056970864,59.625297417109984,10.244612885854544,18.7509611311982,15.75567378440317,25.113337293512465,0.9961549932128037,2023-10-29 07:00:00
29/10/2023,07:10:00,44,28.027421488664725,59.49689570271107,8.659473253430608,19.653024791161226,15.41111850620938,25.5531077823687,0.905399315851128,2023-10-29 07:10:00
29/10/2023,07:20:00,45,27.39315664287558,59.35016242685415,10.009318910588805,19.670818724932776,12.975261252100896,27.088639014353905,0.4913884268513787,2023-10-29 07:20:00
29/10/2023,07:30:00,46,26.74850015709065,59.185380824203314,10.484677158016666,20.862022672257147,14.983988729175689,24.46217112156025,0.2074305129383564,2023-10-29 07:30:00
29/10/2023,07:40:00,47,26.096251278965177,59.00286896754474,10.945156201509862,19.081318930801004,15.2574899731868,24.48605087605874,0.0291500006876707,2023-10-29 07:40:00
29/10/2023,07:50:00,48,25.439242224079088,58.80297915382069,9.075545696483486,20.865508787518948,15.607139562429538,26.43895207659345,0.862031721027359,2023-10-29 07:50:00
29/10/2023,08:00:00,49,24.78032587780146,58.58609722410176,10.026739018497985,20.528841604483304,13.113004383432004,22.545682767299034,0.0492855762091057,2023-10-29 08:00:00
29/10/2023,08:10:00,50,24.122363407401977,58.35264181880985,8.854128644998301,19.57064804800512,14.111000407481852,25.18785612882489,0.4017770302689182,2023-10-29 08:10:00
29/10/2023,08:20:00,51,23.468211838200524,58.10306356962964,10.21081286390459,19.501346043910235,13.59002953788771,25.71517135933125,0.1198386804308025,2023-10-29 08:20:00
29/10/2023,08:30:00,52,22.82071164770202,57.83784422966831,9.189908466158617,20.71320283535066,15.375868249970186,24.131896768684644,0.2627392645696063,2023-10-29 08:30:00
29/10/2023,08:40:00,53,22.182674431585703,57.55749574354258,7.999601144262396,19.873719851005195,13.64793183800815,24.25975708363586,0.9958453125917578,2023-10-29 08:40:00
29/10/2023,08:50:00,54,21.556870695106028,57.26255925918793,9.367389609017458,20.441015182622337,14.489324707354804,24.417455691637887,0.3468220872272803,2023-10-29 08:50:00
29/10/2023,09:00:00,55,20.94601782291764,56.95360408329766,10.743952529836598,20.16740111875459,16.528011594071966,24.41214120662507,0.7856195163225574,2023-10-29 09:00:00
29/10/2023,09:10:00,56,20.35276827956232,56.63122658240795,8.869996226797024,21.46709376079253,14.698381018075152,24.532958247976524,0.1860992389187085,2023-10-29 09:10:00
29/10/2023,09:20:00,57,19.7796980918541,56.29604903175012,9.500749878944909,19.23486915540365,13.119146446107672,26.215357248293664,0.8476917281294798,2023-10-29 09:20:00
29/10/2023,09:30:00,58,19.229295663174653,55.94871841409216,10.551981208430137,20.4478920381248,15.38551920944954,24.54405645035264,0.848648563025567,2023-10-29 09:30:00
29/10/2023,09:40:00,59,18.70395096824989,55.58990517088813,7.169277376610573,19.231888477244148,15.786355493577114,24.017093630630484,0.5415877193472433,2023-10-29 09:40:00
29/10/2023,09:50:00,60,18.20594517532662,55.22030190814591,8.216071307923258,19.0528721616724,15.366007804749705,23.15810589688009,0.4354528768556247,2023-10-29 09:50:00
29/10/2023,10:00:00,61,17.73744074081207,54.840622059511375,9.892793863125773,19.24343902725256,17.52315782189436,24.731335091127683,0.7946393799367854,2023-10-29 10:00:00
29/10/2023,10:10:00,62,17.300472019387698,54.45159850914981,10.275064638077662,19.881208536361772,14.894173897856032,23.75821899399805,0.6033569766628694,2023-10-29 10:10:00
29/10/2023,10:20:00,63,16.896936430370367,54.05398217708237,10.437978985997097,19.97990260831712,15.0606443112474,26.10409381212811,0.0665295166678365,2023-10-29 10:20:00
29/10/2023,10:30:00,64,16.528586218678534,53.64854056970864,10.266227205218582,18.859713092676223,16.48793989512842,24.703543343099422,0.3806895960845452,2023-10-29 10:30:00
29/10/2023,10:40:00,65,16.197020846179306,53.23605629831295,9.423529694030108,18.382123049623942,15.969809676992996,23.95194013555568,0.9750364899307538,2023-10-29 10:40:00
29/10/2023,10:50:00,66,15.903680046454822,52.8173255684143,8.826220162007072,20.699834023987083,16.06134641040032,24.868123042634505,0.5501256437871018,2023-10-29 10:50:00
29/10/2023,11:00:00,67,15.649837573145854,52.39315664287557,11.244809579672843,18.472981443821517,13.806248197085509,26.14788715844862,0.8164673938086611,2023-10-29 11:00:00
29/10/2023,11:10:00,68,15.436595669018724,51.96436828173908,10.790813441891467,19.13884625317969,14.678647863284445,26.081256573344504,0.7408143293170997,2023-10-29 11:10:00
29/10/2023,11:20:00,69,15.2648802797721,51.53178816179948,8.875096743033108,20.639560824396995,15.946513983678091,24.7516965502626,0.2718553239293922,2023-10-29 11:20:00
29/10/2023,11:30:00,70,15.135437033366486,51.09625127896517,10.578434957700246,20.37177891819492,15.235906263778634,25.461438375748816,0.57037214139947,2023-10-29 11:30:00
29/10/2023,11:40:00,71,15.048828002335044,50.658598336491714,9.074562010909192,18.12735090038478,15.703475764040991,23.856418580589526,0.1104445896649785,2023-10-29 11:40:00
29/10/2023,11:50:00,72,15.005429263134593,50.21967412219855,10.595351878432153,19.493384796208,14.951071312949304,26.61111176876595,0.2569997047463819,2023-10-29 11:50:00
29/10/2023,12:00:00,73,15.005429263134593,49.78032587780145,9.624112331774068,20.81495732599454,15.455060784155158,25.492017561729117,0.1001629929073092,2023-10-29 12:00:00
29/10/2023,12:10:00,74,15.048828002335044,49.341401663508286,11.19357437167034,21.852548889486805,15.05177587809839,27.194013269262587,0.604562559126838,2023-10-29 12:10:00
29/10/2023,12:20:00,75,15.135437033366482,48.90374872103483,9.932218090395596,20.2377971418415,15.514985054024397,25.39009818056147,0.2264392579111463,2023-10-29 12:20:00
29/10/2023,12:30:00,76,15.2648802797721,48.46821183820052,11.23205424503417,19.71664995654244,16.191783076979778,22.66260604820311,0.0712047873749824,2023-10-29 12:30:00
29/10/2023,12:40:00,77,15.436595669018722,48.03563171826092,9.453937934044104,19.21176410319882,15.98905552997758,23.74928530851845,0.3104650623990262,2023-10-29 12:40:00
29/10/2023,12:50:00,78,15.649837573145849,47.60684335712442,10.98002560559948,19.5933797499083,16.441794133044745,23.95415120582368,0.0725483829847464,2023-10-29 12:50:00
29/10/2023,13:00:00,79,15.903680046454816,47.1826744315857,12.685101130640843,20.72791506230464,14.905790637125673,26.131175579119684,0.9591461666271852,2023-10-29 13:00:00
29/10/2023,13:10:00,80,16.1970208461793,46.76394370168704,8.81403467820318,19.581250612211964,14.947883188389138,26.743764309006423,0.8542168906554817,2023-10-29 13:10:00
29/10/2023,13:20:00,81,16.528586218678534,46.35145943029137,10.615512472958624,21.219432585292186,14.95351302036817,25.19542399062873,0.9191016884632296,2023-10-29 13:20:00
29/10/2023,13:30:00,82,16.89693643037036,45.94601782291763,10.557717141703424,17.385940041061897,15.378873986039954,26.9726902621137,0.522926929877638,2023-10-29 13:30:00
29/10/2023,13:40:00,83,17.300472019387694,45.5484014908502,10.468091905112448,20.611988715442603,14.212066199045134,25.56014299444538,0.5191178024148232,2023-10-29 13:40:00
29/10/2023,13:50:00,84,17.737440740812062,45.15937794048863,10.829514102126428,20.615941359437716,14.392801856827528,26.37489666342832,0.0679371535984404,2023-10-29 13:50:00
29/10/2023,14:00:00,85,28.20594517532661,44.7796980918541,8.367414956746487,19.29405668972758,14.23726927024028,23.61659351576276,0.7727165884571354,2023-10-29 14:00:00
29/10/2023,14:10:00,86,8.703950968249885,44.41009482911187,10.811712623271276,21.186912300514333,14.660273349134007,24.448509526097112,0.0413840655220232,2023-10-29 14:10:00
29/10/2023,14:20:00,87,29.22929566317464,44.05128158590784,10.35797616557428,21.02488713226052,14.53478420384844,24.171487391099497,0.1603005313900156,2023-10-29 14:20:00
29/10/2023,14:30:00,88,9.779698091854094,43.703950968249885,10.650026461268808,18.52130370782519,15.18222321061753,25.15143605779116,0.991685958913338,2023-10-29 14:30:00
29/10/2023,14:40:00,89,30.35276827956231,43.368773417592045,11.037301319403843,21.59369655240411,15.133329179787657,26.87463591920086,0.7538627651268847,2023-10-29 14:40:00
29/10/2023,14:50:00,90,20.946017822917632,43.04639591670234,8.198337841105218,21.857597015855504,14.979805580486763,24.93415832004923,0.0409004989725613,2023-10-29 14:50:00
29/10/2023,15:00:00,91,21.55687069510602,42.73744074081206,10.710541948590166,18.55751434589547,18.034292597490424,22.694125928714342,0.1173108242964254,2023-10-29 15:00:00
29/10/2023,15:10:00,92,22.182674431585696,42.44250425645742,9.844017682082642,18.8054176325404,13.085870904431994,25.374487286311982,0.019707420486787,2023-10-29 15:10:00
29/10/2023,15:20:00,93,22.82071164770201,42.16215577033169,9.61407497936353,21.625910252248698,13.252282210177205,25.339393732944732,0.4747486095837417,2023-10-29 15:20:00
29/10/2023,15:30:00,94,23.468211838200517,41.89693643037036,8.851702664361426,19.283317676241765,13.976330546877858,24.74003606530967,0.1558081626450466,2023-10-29 15:30:00
29/10/2023,15:40:00,95,24.122363407401966,41.64735818119015,9.48189934330906,19.95380075016967,14.420430724233295,25.615969716594357,0.5849531032932157,2023-10-29 15:40:00
29/10/2023,15:50:00,96,24.780325877801445,41.41390277589824,11.833367606348215,20.60439750905829,16.584108907845724,22.990690672223984,0.9883502159774034,2023-10-29 15:50:00
29/10/2023,16:00:00,97,25.43924222407908,41.1970208461793,10.88594578028365,21.81694809075322,13.296971911808946,24.91501314752933,0.40853132858576,2023-10-29 16:00:00
29/10/2023,16:10:00,98,26.09625127896517,40.99713103245527,9.458646024142547,20.335810854168987,13.718277205780076,24.436567490460156,0.2314441918125604,2023-10-29 16:10:00
29/10/2023,16:20:00,99,26.74850015709064,40.814619175796686,9.466932703750558,18.28465523188488,15.183115996198392,24.99255727499,0.0869788855863612,2023-10-29 16:20:00
29/10/2023,16:30:00,100,27.39315664287557,40.64983757314585,12.084876870404898,21.168470322420536,15.390225184609864,22.68151002266981,0.9864375391248168,2023-10-29 16:30:00
29/10/2023,16:40:00,101,28.027421488664714,40.50310429728893,12.16338190402534,18.741260506956827,17.283258103558158,23.873569385361264,0.5118541373336141,2023-10-29 16:40:00
29/10/2023,16:50:00,102,28.64854056970863,40.374702582890016,8.517105524638719,18.37270164983977,15.767923013890307,23.48645477714928,0.2557335273011812,2023-10-29 16:50:00
29/10/2023,17:00:00,103,29.253816843210743,40.2648802797721,9.63206881120088,19.24537426982394,15.335662752458068,23.605712846209773,0.4496668454201061,2023-10-29 17:00:00
29/10/2023,17:10:00,104,29.840622059511364,40.17384937450027,12.171794872898232,19.28924046667216,15.199618437252363,25.76620103457147,0.4894396915592862,2023-10-29 17:10:00
29/10/2023,17:20:00,105,30.40640817455597,40.10178558119068,9.91773568672979,19.622909815666805,17.64218094054818,24.78053330684272,0.2200345052189593,2023-10-29 17:20:00
29/10/2023,17:30:00,106,30.948718414092152,40.04882800233504,8.716960078029883,19.88906969295561,14.720984111325455,23.28214056534814,0.0092946679606125,2023-10-29 17:30:00
29/10/2023,17:40:00,107,31.46519794155205,40.01507886029549,10.89128820386433,20.654868763851063,15.524482201120271,25.29591551016292,0.2474771751571446,2023-10-29 17:40:00
29/10/2023,17:50:00,108,31.95360408329766,40.00060329998787,10.34669956652318,20.895235502622462,14.723498290966049,25.901157472010667,0.6225203876099696,2023-10-29 17:50:00
29/10/2023,18:00:00,109,32.41181606682885,40.005429263134594,9.378168030161373,18.38205642854805,14.803761894759084,25.266009967610163,0.4675552642823845,2023-10-29 18:00:00
29/10/2023,18:10:00,110,32.837844229668306,40.02954743432957,10.276810807709593,21.395400625425527,16.523562730301027,24.90177012566073,0.2053288920334045,2023-10-29 18:10:00
29/10/2023,18:20:00,111,33.22983865893656,40.07291125901946,9.732791692042676,19.005884864876084,13.642261244709736,25.11745933881697,0.834933983969305,2023-10-29 18:20:00
29/10/2023,18:30:00,112,33.58609722410176,40.135437033366486,9.564737102828545,19.737235523766003,15.923300536949274,26.613510203412734,0.5068473827167359,2023-10-29 18:30:00
29/10/2023,18:40:00,113,33.90507296802442,40.21700406581931,10.48117759497546,19.65589853885908,15.503398434713825,23.78984290195509,0.926094029910944,2023-10-29 18:40:00
29/10/2023,18:50:00,114,34.185380824203314,40.317454910080215,11.872789312451408,18.881529978604743,14.353563727838194,26.363815158022035,0.9177574500794328,2023-10-29 18:50:00
29/10/2023,19:00:00,115,34.42580363105477,40.43659566901873,9.192590502104796,20.01084049835295,15.900508715636883,24.80063109040798,0.3208990078707481,2023-10-29 19:00:00
29/10/2023,19:10:00,116,34.625297417109984,40.57419636894522,9.807267994153785,20.57893792233049,13.347230126785604,24.83548538713174,0.3712406189021094,2023-10-29 19:10:00
29/10/2023,19:20:00,117,34.78299593418068,40.72999140352199,10.086080582731611,20.528341566163963,14.864999579025865,26.65964103292279,0.6620639974406421,2023-10-29 19:20:00
29/10/2023,19:30:00,118,34.898214418809324,40.90368004645482,9.948456072978432,20.18042512882075,14.280194473470477,25.47737870062541,0.7811073345132268,2023-10-29 19:30:00
29/10/2023,19:40:00,119,34.97045256567043,41.09492703197557,9.640120682830329,20.405651552570298,14.941232843357358,24.784464891467017,0.7069306131330024,2023-10-29 19:40:00
29/10/2023,19:50:00,120,34.99939670001213,41.30336320199531,11.33037540525203,20.218655466175267,14.825753758795868,24.39848507730397,0.7045945037625594,2023-10-29 19:50:00
29/10/2023,20:00:00,121,34.98492113970451,41.52858621867853,10.958382830685132,21.033715008671123,15.369071669447653,24.720875611813653,0.6901644337877605,2023-10-29 20:00:00
29/10/2023,20:10:00,122,34.92708874098054,41.77016134106344,8.829807740434873,19.13379872255189,15.14521197623503,24.102434284456404,0.994012291636068,2023-10-29 20:10:00
29/10/2023,20:20:00,123,34.82615062549973,42.02762226422877,10.331379812438088,19.42916535179499,14.531478099781314,24.945614054863377,0.2642612046333854,2023-10-29 20:20:00
29/10/2023,20:30:00,124,34.68254508991979,42.3004720193877,10.87638529923536,19.51038215764001,16.600295823961634,24.06214965675955,0.128892757209138,2023-10-29 20:30:00
29/10/2023,20:40:00,125,34.49689570271107,42.58818393317115,8.591918878546572,20.79377063236759,15.013284234798205,24.58248970271617,0.1715255316821846,2023-10-29 20:40:00
29/10/2023,20:50:00,126,34.27000859647801,42.89020264424898,11.092498345690627,17.931363787112033,15.614826252963397,25.117711535050148,0.709533903126396,2023-10-29 20:50:00
29/10/2023,21:00:00,127,34.00286896754474,43.20594517532662,12.0024762784648,19.33837835403402,16.019346992958667,25.07189710355843,0.4536013129871878,2023-10-29 21:00:00
29/10/2023,21:10:00,128,33.6966367980047,43.53480205844794,10.432167965622853,20.553264336317,16.9395174935267,24.09622256325907,0.1159862763493398,2023-10-29 21:10:00
29/10/2023,21:20:00,129,33.35264181880985,43.876138511432295,10.276294881692516,19.11512493858512,16.0067741572301,24.664152885538705,0.0649437419863474,2023-10-29 21:20:00
29/10/2023,21:30:00,130,32.97237773577123,44.229295663174646,10.222728656086598,19.651276460825628,16.20778580217634,25.59698779080658,0.47329175784465,2023-10-29 21:30:00
29/10/2023,21:40:00,131,32.5574957435426,44.59359182544402,10.103492491539273,19.653404559603118,15.18360251473954,25.33282549808076,0.69777646935266,2023-10-29 21:40:00
29/10/2023,21:50:00,132,32.10979735575103,44.96832380872496,12.525404728923547,20.55908760529208,14.317360691301737,23.754947602407974,0.7359514043576766,2023-10-29 21:50:00
29/10/2023,22:00:00,133,31.631226582407955,45.35276827956232,10.725743596433002,19.910532109949344,15.924783773654692,24.719616490880263,0.7822429663093007,2023-10-29 22:00:00
29/10/2023,22:10:00,134,31.12386148856771,45.74618315678926,9.507267348481726,19.66905723267976,14.528343542491914,27.948932018201894,0.4833184352370154,2023-10-29 22:10:00
29/10/2023,22:20:00,135,30.589905170888144,46.147809043943376,9.447273272566571,21.84649297341124,15.300359576659702,23.551470105994955,0.6757403879157141,2023-10-29 22:20:00
29/10/2023,22:30:00,136,30.031676191275047,46.55687069510603,9.698213858769366,20.8690729443288,14.794532324088529,24.05484791893055,0.9636143484278736,2023-10-29 22:30:00
29/10/2023,22:40:00,137,29.45159850914981,46.972578511335286,11.047623031417018,19.992010066521296,14.927192894429515,25.251929710405037,0.5632956873298742,2023-10-29 22:40:00
29/10/2023,22:50:00,138,28.85219095605664,47.39413006480416,11.059194847303807,18.86369093276399,13.46452739461684,26.63744296658109,0.8857529032184231,2023-10-29 22:50:00
29/10/2023,23:00:00,139,28.236056298312967,47.82071164770202,10.244300314177352,20.61820225484525,14.180483393205618,26.954638364307964,0.4516555819683479,2023-10-29 23:00:00
29/10/2023,23:10:00,140,27.60586993519585,48.25149984290936,9.690511752849671,18.234802710849287,15.760779620040308,25.021995443031425,0.7208847766265297,2023-10-29 23:10:00
29/10/2023,23:20:00,141,26.96436828173908,48.68566311341418,10.568484966118232,18.95259784435909,14.769176907190117,25.1742340164175,0.1990102215303123,2023-10-29 23:20:00
29/10/2023,23:30:00,142,26.314336886585828,49.12236340740197,9.955573375636606,20.047684044295817,16.058957211109682,24.77770552270633,0.7537128440311174,2023-10-29 23:30:00
29/10/2023,23:40:00,143,25.65859833649172,49.56075777592091,9.01847421485069,18.360898036495804,14.442993040087709,24.155941664775245,0.4227746636844099,2023-10-29 23:40:00
29/10/2023,23:50:00,144,25.000000000000004,50.0,9.163019368712622,19.76248177120537,13.286571475231598,23.60252352816173,0.9162572351427478,2023-10-29 23:50:00
30/10/2023,00:00:00,1,25.0,50.0,9.038692141826283,19.141970849452857,14.96425195028794,26.54470769491425,0.4262209874262036,2023-10-30 00:00:00
30/10/2023,00:10:00,2,25.658598336491718,50.46183458645739,9.174931763770353,19.40888198255135,14.387099602691416,26.603783835852724,0.2750420253664253,2023-10-30 00:10:00
30/10/2023,00:20:00,3,26.314336886585814,50.92268359463302,9.924766730075545,19.47945214999824,15.244408672213488,25.6293484051502,0.3826398504093419,2023-10-30 00:20:00
30/10/2023,00:30:00,4,26.96436828173908,51.38156354951882,10.463048469979546,21.02541797015884,14.686042997564922,24.40745913025248,0.9945075963427412,2023-10-30 00:30:00
30/10/2023,00:40:00,5,27.605869935195845,51.8374951781657,9.159491100409012,19.80494152832886,14.649191133407992,26.582667126478587,0.7619495176820275,2023-10-30 00:40:00
30/10/2023,00:50:00,6,28.23605629831296,52.28950549950134,10.197273855098272,18.68029195979607,14.347835380071368,25.046514064797616,0.1501723090206989,2023-10-30 00:50:00
30/10/2023,01:00:00,7,28.852190956056624,52.73662990072083,9.21210371764673,19.271337511067404,14.668169202739424,25.859811880894597,0.6389289343322602,2023-10-30 01:00:00
30/10/2023,01:10:00,8,29.451598509149807,53.17791419581901,10.835365072259677,20.09129742601801,12.096495951482026,24.927118048374552,0.59175084703597,2023-10-30 01:10:00
30/10/2023,01:20:00,9,30.03167619127504,53.61241666187153,8.638255731308432,20.475149962175088,14.74422251244951,25.27846940956963,0.2185431043400088,2023-10-30 01:20:00
30/10/2023,01:30:00,10,30.589905170888134,54.03921004871895,10.701255815779588,22.906068126729107,15.64913336323589,25.274061528324424,0.8196350204513551,2023-10-30 01:30:00
30/10/2023,01:40:00,11,31.12386148856771,54.45738355776538,8.21678956024379,22.395375855845504,15.562607551764271,24.97482764623395,0.1046938623241977,2023-10-30 01:40:00
30/10/2023,01:50:00,12,31.63122658240795,54.86604478566856,10.92313039152926,19.805529393219683,14.215594891327058,25.84471187542229,0.9794813389825602,2023-10-30 01:50:00
30/10/2023,02:00:00,13,32.10979735575102,55.26432162877356,11.41384329756798,19.677188863491203,13.252571363697854,26.30692748808949,0.6874235605612381,2023-10-30 02:00:00
30/10/2023,02:10:00,14,32.55749574354258,55.65136414422592,8.257000034533883,20.80371281055076,16.500893003748782,23.67642400126461,0.7472496146729175,2023-10-30 02:10:00
30/10/2023,02:20:00,15,32.97237773577123,56.02634636379256,11.040957613253234,19.535412456738023,14.645348358225052,24.069032520879915,0.964166260408272,2023-10-30 02:20:00
30/10/2023,02:30:00,16,33.35264181880984,56.38846805651961,9.04947838821223,20.112329434720618,14.379637115673551,24.577240099381704,0.5259075989847677,2023-10-30 02:30:00
30/10/2023,02:40:00,17,33.69663679800469,56.736956436465576,9.7108302993767,20.415981668738635,14.77587671299034,27.15204343337512,0.9587231752093388,2023-10-30 02:40:00
30/10/2023,02:50:00,18,34.00286896754474,57.07106781186548,9.722106722415694,21.05093027131757,16.48057569615849,24.82717706530142,0.6920677380613299,2023-10-30 02:50:00
30/10/2023,03:00:00,19,34.27000859647801,57.390089172206594,10.842626141747232,19.633585339535177,14.576575754010063,25.132635099775595,0.4264268020135267,2023-10-30 03:00:00
30/10/2023,03:10:00,20,34.49689570271107,57.69333970982879,9.842758102257196,20.9853557320317,14.950099953761184,24.515967518528,0.2945157396641364,2023-10-30 03:10:00
30/10/2023,03:20:00,21,34.682545089919785,57.9801722728024,9.858205650959327,20.06386688745643,16.04209627715204,24.59478201786131,0.0192699797307622,2023-10-30 03:20:00
30/10/2023,03:30:00,22,34.82615062549973,58.24997474598303,10.414039901465474,20.07476973662277,14.399930433821188,24.66828159920205,0.1708136022672334,2023-10-30 03:30:00
30/10/2023,03:40:00,23,34.92708874098054,58.50217135729614,11.45898049194018,19.49719994282702,14.10477367953134,25.210149159431307,0.3521833123310095,2023-10-30 03:40:00
30/10/2023,03:50:00,24,34.98492113970451,58.73622390646369,9.50439325784624,21.13840623332541,14.772278220755402,26.1678007362863,0.8495299357851632,2023-10-30 03:50:00
30/10/2023,04:00:00,25,34.99939670001213,58.95163291355063,8.696143790701814,20.548062891653217,13.508681875133364,26.411061051335835,0.527108722922843,2023-10-30 04:00:00
30/10/2023,04:10:00,26,34.97045256567043,59.14793868488021,11.206823243762884,19.39474736224973,14.628152578433124,25.03979418505011,0.5760177384665528,2023-10-30 04:10:00
30/10/2023,04:20:00,27,34.898214418809324,59.32472229404355,10.02102773627976,22.110348073168275,14.794382322747092,26.011859618648444,0.1402268414226301,2023-10-30 04:20:00
30/10/2023,04:30:00,28,34.78299593418069,59.48160647590966,10.501282149385691,20.34153931783385,14.816353138262553,24.19837534205733,0.1831641871011174,2023-10-30 04:30:00
30/10/2023,04:40:00,29,34.625297417109984,59.61825643172819,8.76694417823798,20.99624889715462,15.266683805732391,24.818974163692157,0.0019233199428004,2023-10-30 04:40:00
30/10/2023,04:50:00,30,34.42580363105478,59.73438054360693,9.756814998972873,20.878840697831706,14.146223965282436,26.34085507602648,0.0876559702534196,2023-10-30 04:50:00
30/10/2023,05:00:00,31,34.185380824203314,59.82973099683902,9.581897028923546,19.55426969025361,15.235876917101844,22.92584694701419,0.4168960529651125,2023-10-30 05:00:00
30/10/2023,05:10:00,32,33.90507296802443,59.90410430875205,10.017153316857287,20.4072700218108,14.586112451737204,23.27626863590253,0.9277342459911608,2023-10-30 05:10:00
30/10/2023,05:20:00,33,33.58609722410176,59.95734176295034,11.192857822728314,19.958262765894883,13.15764492879915,24.669298524639927,0.7496458142412034,2023-10-30 05:20:00
30/10/2023,05:30:00,34,33.229838658936565,59.98932974802373,10.801682757248043,19.86669031260525,14.166143198754584,24.677969708533272,0.452631582955843,2023-10-30 05:30:00
30/10/2023,05:40:00,35,32.83784422966831,60.0,10.462495395394091,20.043985182526367,13.68353103729327,24.671823333196432,0.9532287618165526,2023-10-30 05:40:00
30/10/2023,05:50:00,36,32.41181606682885,59.98932974802373,10.47572651788127,19.460836924041427,16.298942311119465,24.29032010997785,0.87204117811136,2023-10-30 05:50:00
30/10/2023,06:00:00,37,31.95360408329767,59.95734176295034,10.777224875133149,19.96790958802348,14.896156639283632,26.833976508859323,0.4904227909144292,2023-10-30 06:00:00
30/10/2023,06:10:00,38,31.465197941552056,59.90410430875205,8.55946379724536,20.43296106714208,14.65602722907016,24.7220409494528,0.3736107884438747,2023-10-30 06:10:00
30/10/2023,06:20:00,39,30.948718414092163,59.82973099683902,8.639299607395893,20.353150742064912,15.775493212885529,23.40750121825443,0.5990584946304844,2023-10-30 06:20:00
30/10/2023,06:30:00,40,30.406408174555978,59.73438054360693,11.130622554645006,18.689754323070886,14.380965516578266,26.308861678838166,0.3564170553783532,2023-10-30 06:30:00
30/10/2023,06:40:00,41,29.84062205951137,59.61825643172819,9.977277006773138,20.576909632633026,15.31473128211764,25.73501978740884,0.91912450782523,2023-10-30 06:40:00
30/10/2023,06:50:00,42,29.25381684321075,59.48160647590966,10.762483747827616,19.4507624000281,14.2524147890003,24.935088414286557,0.5839391003888333,2023-10-30 06:50:00
30/10/2023,07:00:00,43,28.64854056970864,59.32472229404356,9.673797248497788,19.93481773851405,17.17078259489025,23.92586760894402,0.2893383208552497,2023-10-30 07:00:00
30/10/2023,07:10:00,44,28.027421488664725,59.14793868488021,11.563580552560326,19.282635499905467,14.187979229110963,25.93607795364912,0.8871426574169952,2023-10-30 07:10:00
30/10/2023,07:20:00,45,27.39315664287558,58.95163291355063,9.382458696914023,20.667832340419867,14.94554301721789,24.996567871239403,0.7298288585770151,2023-10-30 07:20:00
30/10/2023,07:30:00,46,26.74850015709065,58.73622390646369,11.384949550201084,20.01422482247077,14.766118931033764,26.11221425690965,0.1582009878778455,2023-10-30 07:30:00
30/10/2023,07:40:00,47,26.096251278965177,58.50217135729614,10.126119211743145,20.1412767845538,15.779677926690676,25.26100947342151,0.8987635709576071,2023-10-30 07:40:00
30/10/2023,07:50:00,48,25.439242224079088,58.24997474598303,9.41299437297954,22.061380112237156,15.84712313154168,25.277674559318832,0.1618639902091041,2023-10-30 07:50:00
30/10/2023,08:00:00,49,24.78032587780146,57.9801722728024,8.633263280294583,19.758050184551006,14.414743232559116,24.18882056987589,0.6606088977141009,2023-10-30 08:00:00
30/10/2023,08:10:00,50,24.122363407401977,57.69333970982879,10.093401742479578,20.66261542582999,16.42826814046516,24.42478626467676,0.7401099828249208,2023-10-30 08:10:00
30/10/2023,08:20:00,51,23.468211838200524,57.390089172206594,11.745419051918308,21.171781844257296,14.036856904344814,24.52642496815319,0.7939521482750659,2023-10-30 08:20:00
30/10/2023,08:30:00,52,22.82071164770202,57.07106781186548,9.704942491489986,18.767438274183707,16.00357227728931,25.13681403971959,0.8376869014211524,2023-10-30 08:30:00
30/10/2023,08:40:00,53,22.182674431585703,56.736956436465576,7.474868660200277,20.10082702234113,14.194212353215333,24.82466110299015,0.5976003601857076,2023-10-30 08:40:00
30/10/2023,08:50:00,54,21.556870695106028,56.38846805651961,7.997154765033624,19.22868366434596,14.849722930864496,25.122489478988538,0.1467842675483539,2023-10-30 08:50:00
30/10/2023,09:00:00,55,20.94601782291764,56.02634636379256,10.317065515634525,18.026921802304592,14.7246015728109,24.21532269629574,0.6468492285576789,2023-10-30 09:00:00
30/10/2023,09:10:00,56,20.35276827956232,55.65136414422592,9.5019837409165,21.67163075180091,15.81534398826322,26.144170966218702,0.5723498462611217,2023-10-30 09:10:00
30/10/2023,09:20:00,57,19.7796980918541,55.26432162877356,9.9994586174996,20.750675513957344,15.143884411862471,25.048980340337813,0.9286108191531152,2023-10-30 09:20:00
30/10/2023,09:30:00,58,19.229295663174653,54.86604478566856,11.897517295661508,19.999025666233823,15.827362778536722,25.91187284969714,0.0272595973082144,2023-10-30 09:30:00
30/10/2023,09:40:00,59,18.70395096824989,54.45738355776538,10.010051902018835,20.626854325695003,16.42261329528967,25.88857355419816,0.8824330195080193,2023-10-30 09:40:00
30/10/2023,09:50:00,60,18.20594517532662,54.03921004871895,9.923138872231352,19.83904323164615,15.244313860020013,24.751694409097,0.675608844534163,2023-10-30 09:50:00
30/10/2023,11:10:00,61,15.436595669018724,53.61241666187153,9.77136128028818,19.42019494614414,14.26779436163832,26.60223569844052,0.7754219536401658,2023-10-30 11:10:00
30/10/2023,11:20:00,62,15.2648802797721,53.17791419581901,10.282836577147505,20.83774501989723,16.63140575822262,24.872008366005204,0.6818241550086789,2023-10-30 11:20:00
30/10/2023,11:30:00,63,15.135437033366486,52.73662990072083,9.006587145746037,21.20987395692771,14.657817711672806,25.0284167667426,0.6334923002030495,2023-10-30 11:30:00
30/10/2023,11:40:00,64,15.048828002335044,52.28950549950134,10.50491029651713,21.13620428581668,15.110880229677418,23.95565698057788,0.7193680015019195,2023-10-30 11:40:00
30/10/2023,11:50:00,65,15.005429263134593,51.8374951781657,10.243844790300738,20.31409184899148,15.077895807777455,24.136713210005983,0.3534929613942602,2023-10-30 11:50:00
30/10/2023,12:00:00,66,15.005429263134593,51.38156354951882,8.19134065153046,20.539006465055767,15.162884063779318,26.742568841474228,0.6009057756545213,2023-10-30 12:00:00
30/10/2023,12:10:00,67,15.048828002335044,50.92268359463302,9.234047609428256,20.561523185992268,13.72360570857567,23.315942109827542,0.714632481040396,2023-10-30 12:10:00
30/10/2023,12:20:00,68,15.135437033366482,50.46183458645739,11.05731313023131,20.17643845365313,15.35080186701691,25.61143535845359,0.7510315907728066,2023-10-30 12:20:00
30/10/2023,12:30:00,69,15.2648802797721,50.0,8.283203905643672,18.62826794321715,15.145105056497863,25.112666449347657,0.3031433310389585,2023-10-30 12:30:00
30/10/2023,12:40:00,70,15.436595669018722,49.53816541354261,10.748866612766491,20.545869173481904,15.087098021475,24.275742501376424,0.9448613530286608,2023-10-30 12:40:00
30/10/2023,12:50:00,71,15.649837573145849,49.07731640536698,10.051679971690334,20.055837729824244,15.501214080099569,23.466570944794164,0.4664187666501069,2023-10-30 12:50:00
30/10/2023,13:00:00,72,15.903680046454816,48.61843645048118,9.845494275270608,19.43361891107366,16.199324948320278,23.90159660998505,0.7105618927807672,2023-10-30 13:00:00
30/10/2023,13:10:00,73,16.1970208461793,48.1625048218343,9.825720932041468,21.54527674606481,14.629919298771014,26.55429107653631,0.5899015596576301,2023-10-30 13:10:00
30/10/2023,13:20:00,74,16.528586218678534,47.710494500498655,12.279813508081354,19.692693629540507,14.042625041741582,23.15504374771832,0.2978009823385554,2023-10-30 13:20:00
30/10/2023,13:30:00,75,16.89693643037036,47.26337009927917,10.99383834386004,18.032714691407925,15.794805776080793,25.211194135443037,0.9817865178205434,2023-10-30 13:30:00
30/10/2023,13:40:00,76,17.300472019387694,46.822085804180986,11.62524891185276,20.643442278730664,14.90440633882766,25.37700407194392,0.5175134739622468,2023-10-30 13:40:00
30/10/2023,13:50:00,77,17.737440740812062,46.38758333812847,9.39676083030494,18.66313297237322,14.785976296441788,24.70427200237236,0.9434139338564916,2023-10-30 13:50:00
30/10/2023,14:00:00,78,18.20594517532661,45.96078995128105,10.224044924501491,20.078415529540827,16.066710802068545,25.806183050215765,0.9083720844225374,2023-10-30 14:00:00
30/10/2023,14:10:00,79,18.703950968249885,45.54261644223462,9.978168531242336,20.05410137018114,15.288522259211575,25.115086855889803,0.3664569220542967,2023-10-30 14:10:00
30/10/2023,14:20:00,80,19.22929566317464,45.13395521433144,10.923156246885451,19.00468412932629,14.837781788713324,23.301465214460304,0.1752994225075599,2023-10-30 14:20:00
30/10/2023,14:30:00,81,19.77969809185409,44.73567837122644,10.16611410454744,19.97043854898948,15.729893015008516,22.09935621634584,0.896721867306388,2023-10-30 14:30:00
30/10/2023,14:40:00,82,20.35276827956231,44.34863585577408,11.972453377792217,20.49439382317292,13.805856032921785,25.52912891272557,0.0809391162332469,2023-10-30 14:40:00
30/10/2023,14:50:00,83,20.946017822917632,43.97365363620744,10.784106090484888,20.67472238651547,14.2208065811128,25.54108666740082,0.9911103427133504,2023-10-30 14:50:00
30/10/2023,15:00:00,84,21.55687069510602,43.61153194348039,9.811419256161557,20.358854810199038,14.18292982671202,24.89900575182202,0.8052246446626443,2023-10-30 15:00:00
30/10/2023,15:10:00,85,22.182674431585696,43.26304356353442,10.202086098873409,18.98943765972006,15.206240679795885,24.525226092603784,0.7932663171596067,2023-10-30 15:10:00
30/10/2023,15:20:00,86,22.82071164770201,42.928932188134524,10.14339933407935,20.230138642200725,15.752168723247513,25.007528243759484,0.8303978389985136,2023-10-30 15:20:00
30/10/2023,15:30:00,87,23.468211838200517,42.609910827793406,10.407225564445875,18.449689776848537,14.945881348930191,24.84539604867389,0.9565084605436402,2023-10-30 15:30:00
30/10/2023,15:40:00,88,24.122363407401966,42.30666029017121,11.239448430628867,19.911077152543484,14.672114199795086,27.17669148681457,0.3276006441858087,2023-10-30 15:40:00
30/10/2023,15:50:00,89,24.780325877801445,42.0198277271976,9.750344769672298,19.941785310741874,15.952502320907596,25.87164610974036,0.46831050272151,2023-10-30 15:50:00
30/10/2023,16:00:00,90,25.43924222407908,41.750025254016975,9.668445050805335,19.750343210183942,17.13638197041483,24.626041056183347,0.7966239412271204,2023-10-30 16:00:00
30/10/2023,16:10:00,91,26.09625127896517,41.497828642703865,9.714549105845991,20.80586142584164,16.322234685389503,26.042290772824696,0.4548973977256634,2023-10-30 16:10:00
30/10/2023,16:20:00,92,26.74850015709064,41.26377609353631,9.850466067392476,20.798283543240352,13.911119342117342,25.95792522739024,0.9521705784324516,2023-10-30 16:20:00
30/10/2023,16:30:00,93,27.39315664287557,41.048367086449375,9.402377105516836,18.905096200738804,14.979047262559734,24.529242973325758,0.5389614888749971,2023-10-30 16:30:00
30/10/2023,16:40:00,94,28.027421488664714,40.85206131511979,10.373344664156228,19.162310764093267,14.842504945669472,23.093548430676893,0.9925532287175496,2023-10-30 16:40:00
30/10/2023,16:50:00,95,28.64854056970863,40.67527770595645,10.373562326811314,18.170375267321397,15.411155613247908,25.916628058880693,0.7224106993758844,2023-10-30 16:50:00
30/10/2023,17:00:00,96,29.253816843210743,40.51839352409034,8.420616240465044,19.508504845782205,14.927453756061723,24.84200319982167,0.8744237231382308,2023-10-30 17:00:00
30/10/2023,17:10:00,97,29.840622059511364,40.38174356827181,10.826925901208828,22.29593159269512,14.40031837719738,22.70270287180691,0.3549331410686684,2023-10-30 17:10:00
30/10/2023,17:20:00,98,30.40640817455597,40.26561945639307,11.59742149967802,20.308745241348287,13.036806896680384,25.70642580066217,0.417405712572801,2023-10-30 17:20:00
30/10/2023,17:30:00,99,30.948718414092152,40.17026900316098,9.82410826979551,21.018064450609188,14.613400264063609,25.398534249492467,0.1365102437738695,2023-10-30 17:30:00
30/10/2023,17:40:00,100,31.46519794155205,40.09589569124795,10.631085574489411,19.55224171255527,14.741228917571858,23.982180158665585,0.6907638781974338,2023-10-30 17:40:00
30/10/2023,17:50:00,101,31.95360408329766,40.04265823704966,11.195511929747752,20.721181100021848,14.482920874917086,25.18354321890035,0.8464157706911983,2023-10-30 17:50:00
30/10/2023,18:00:00,102,32.41181606682885,40.01067025197628,9.595391413177802,19.13702603168763,15.116947287556489,24.125645187150376,0.8649240897268876,2023-10-30 18:00:00
30/10/2023,18:10:00,103,32.837844229668306,40.0,9.746581896774586,19.32869282621149,16.175650823672644,25.21957246603349,0.791389123213297,2023-10-30 18:10:00
30/10/2023,18:20:00,104,33.22983865893656,40.01067025197627,9.001487507433632,20.42481343793014,16.442106611747295,26.45163138142819,0.6069390038052576,2023-10-30 18:20:00
30/10/2023,18:30:00,105,33.58609722410176,40.04265823704966,9.12097450560386,20.8371351129159,14.456599595626326,23.475620600857432,0.1448339276910152,2023-10-30 18:30:00
30/10/2023,18:40:00,106,33.90507296802442,40.09589569124795,9.012909793687328,21.490280726423997,13.829541008258634,25.638512588912945,0.5096647947257628,2023-10-30 18:40:00
30/10/2023,18:50:00,107,34.185380824203314,40.17026900316098,10.271202681486402,19.194263059488243,15.37074366967539,24.18598984244247,0.2431331615334219,2023-10-30 18:50:00
30/10/2023,19:00:00,108,34.42580363105477,40.26561945639307,11.313276936842149,21.381747661769325,15.23144682219692,24.976325694153967,0.710411371131253,2023-10-30 19:00:00
30/10/2023,19:10:00,109,34.625297417109984,40.38174356827181,10.694095114837411,19.92773513256252,14.898992390921537,25.146334371031383,0.88762807046941,2023-10-30 19:10:00
30/10/2023,19:20:00,110,34.78299593418068,40.51839352409034,11.075557143235114,19.50778533050694,14.601140722959192,23.855008622938637,0.9353030745649183,2023-10-30 19:20:00
30/10/2023,19:30:00,111,34.898214418809324,40.67527770595644,9.676561834974065,18.113390278613924,15.240804414440092,25.606346765952875,0.7293820397280051,2023-10-30 19:30:00
30/10/2023,19:40:00,112,34.97045256567043,40.85206131511979,10.815321676166135,21.191325426721285,15.888391027230728,25.611349533369097,0.5762043014059091,2023-10-30 19:40:00
30/10/2023,19:50:00,113,34.99939670001213,41.04836708644938,12.228814239818762,19.242024271683,14.954745661349778,24.9720021702718,0.5908010699992032,2023-10-30 19:50:00
30/10/2023,20:00:00,114,34.98492113970451,41.26377609353631,10.267166783557638,18.998387305626466,15.093361099354434,25.21692405275952,0.1928562632417052,2023-10-30 20:00:00
30/10/2023,20:10:00,115,34.92708874098054,41.49782864270386,8.871593568122906,20.17879536805708,15.908341320433763,25.929017526867668,0.6091519200967142,2023-10-30 20:10:00
30/10/2023,20:20:00,116,34.82615062549973,41.750025254016975,9.875116395442824,18.797684296390425,14.137808846414996,26.18420257316849,0.6253327811854644,2023-10-30 20:20:00
30/10/2023,20:30:00,117,34.68254508991979,42.0198277271976,10.3072984148785,18.959562369564253,16.30524096470229,26.0698222334486,0.8201018684060172,2023-10-30 20:30:00
30/10/2023,20:40:00,118,34.49689570271107,42.30666029017121,9.213953918956516,18.615261948813465,14.947508249454144,23.62713811505658,0.8474922687254911,2023-10-30 20:40:00
30/10/2023,20:50:00,119,34.27000859647801,42.60991082779341,10.18320235000616,20.359667109255696,13.338677459304408,25.512400547618444,0.0342906804537175,2023-10-30 20:50:00
30/10/2023,21:00:00,120,34.00286896754474,42.928932188134524,9.621926551579628,19.626098827877325,14.29628585620168,24.338332950370848,0.7714387673918014,2023-10-30 21:00:00
30/10/2023,21:10:00,121,33.6966367980047,43.26304356353443,9.585244093682672,19.94756486284468,14.346087974459357,24.32695070586744,0.2421024341006046,2023-10-30 21:10:00
30/10/2023,21:20:00,122,33.35264181880985,43.61153194348039,8.191096633664998,20.975572952702585,13.803573127027242,24.579268152276885,0.261460879600097,2023-10-30 21:20:00
30/10/2023,21:30:00,123,32.97237773577123,43.97365363620744,11.36536176771437,19.41033284089113,16.39452668324986,23.6689810668953,0.5523214785915388,2023-10-30 21:30:00
30/10/2023,21:40:00,124,32.5574957435426,44.34863585577408,9.558246308511778,20.992683451935388,13.54780848268619,27.41129025892236,0.2564734081312499,2023-10-30 21:40:00
30/10/2023,21:50:00,125,32.10979735575103,44.73567837122644,12.080604302672905,20.151757987897717,14.559854749690915,25.19292216048848,0.3209311186308182,2023-10-30 21:50:00
30/10/2023,22:00:00,126,31.631226582407955,45.13395521433144,8.58269535051767,18.81697640657997,15.895459825859882,24.713760340520984,0.1700300746119324,2023-10-30 22:00:00
30/10/2023,22:10:00,127,31.12386148856771,45.54261644223462,10.623091056517854,18.582533485900274,15.117825857865023,23.92613739707395,0.8581035469388193,2023-10-30 22:10:00
30/10/2023,22:20:00,128,30.589905170888144,45.96078995128104,9.60466889878019,19.982460244668896,14.80595239065987,26.80906958230508,0.6746331574036918,2023-10-30 22:20:00
30/10/2023,22:30:00,129,30.031676191275047,46.38758333812847,10.25253949138559,20.16530585829088,14.29322459468222,25.5365079500463,0.7225702637194142,2023-10-30 22:30:00
30/10/2023,22:40:00,130,29.45159850914981,46.822085804180986,10.860904223836116,21.04257139802752,13.841510717941834,24.420722860254667,0.2038878136146651,2023-10-30 22:40:00
30/10/2023,22:50:00,131,28.85219095605664,47.263370099279165,11.462836743790064,19.70378804942929,15.297075467593684,26.002988677421527,0.5415966812611793,2023-10-30 22:50:00
30/10/2023,23:00:00,132,28.236056298312967,47.71049450049866,10.084929386008438,20.681379869279628,15.050734369342738,25.572140451362785,0.8170619704310914,2023-10-30 23:00:00
30/10/2023,23:10:00,133,27.60586993519585,48.1625048218343,10.31644794636724,19.83729677854108,14.428310876806504,25.1152396801576,0.0217975831690785,2023-10-30 23:10:00
30/10/2023,23:20:00,134,26.96436828173908,48.61843645048118,11.149314471857934,20.28324013048094,12.349502674893593,24.546637109881168,0.9695694242247352,2023-10-30 23:20:00
30/10/2023,23:30:00,135,26.314336886585828,49.07731640536698,8.779101356324054,18.698562989723136,14.199602220358436,25.11050981904927,0.1094344106229288,2023-10-30 23:30:00
30/10/2023,23:40:00,136,25.65859833649172,49.53816541354261,9.953297078687092,20.699710391742787,15.296616546709568,25.393263821217637,0.2370957547633694,2023-10-30 23:40:00
30/10/2023,23:50:00,137,25.000000000000004,50.0,9.74787882402492,20.044338693691586,15.82449484262063,26.42770492705299,0.3727898159465075,2023-10-30 23:50:00
31/10/2023,00:00:00,1,25.0,50.0,9.86988508528655,21.0370937471346,13.867037305883652,25.23392115698331,0.8156167961632264,2023-10-31 00:00:00
31/10/2023,00:10:00,2,25.658598336491718,50.46183458645739,11.44442892758093,19.67958783551973,14.53334734523112,24.349253487976757,0.5681544850904932,2023-10-31 00:10:00
31/10/2023,00:20:00,3,26.314336886585814,50.92268359463302,9.190222850997124,22.10022479635901,14.95747541991919,24.50936983311237,0.2046557613330093,2023-10-31 00:20:00
31/10/2023,00:30:00,4,26.96436828173908,51.38156354951882,10.11336109914531,18.21578333256821,13.778589261118915,24.362975043806717,0.1409635154507728,2023-10-31 00:30:00
31/10/2023,00:40:00,5,27.605869935195845,51.8374951781657,9.745152870330516,21.02729553605033,17.18394147314216,24.78907288470317,0.7258328997573665,2023-10-31 00:40:00
31/10/2023,00:50:00,6,28.23605629831296,52.28950549950134,10.461371483530534,19.10881848740684,15.892050099141482,25.00635017784152,0.2759410890323869,2023-10-31 00:50:00
31/10/2023,01:00:00,7,28.852190956056624,52.73662990072083,9.44630382621953,19.87670538803773,15.701736357347784,23.02892691579712,0.5290747296432158,2023-10-31 01:00:00
31/10/2023,01:10:00,8,28.852190956056624,53.17791419581901,9.955067434333944,19.728856967617443,15.575751249384655,24.957502052838585,0.4108537669761588,2023-10-31 01:10:00
31/10/2023,01:20:00,9,28.852190956056624,53.61241666187153,11.269879751104122,19.990734245963477,14.241653375935154,24.42888961703377,0.2598017103354045,2023-10-31 01:20:00
31/10/2023,01:30:00,10,28.852190956056624,54.03921004871895,12.207914315748404,19.58827322532307,15.75232545879799,23.6102079907748,0.0017730531419432,2023-10-31 01:30:00
31/10/2023,01:40:00,11,28.852190956056624,54.45738355776538,9.88646952617133,18.63111127563754,13.756984645209986,25.989271451389627,0.8580792426409262,2023-10-31 01:40:00
31/10/2023,01:50:00,12,28.852190956056624,54.86604478566856,9.13142516424648,19.526584438935423,15.328730546167352,24.23439306607916,0.4762770040947474,2023-10-31 01:50:00
31/10/2023,02:00:00,13,28.852190956056624,55.26432162877356,9.511889822502098,19.651362780136168,14.81380429126625,25.05880438490972,0.216750528364415,2023-10-31 02:00:00
31/10/2023,02:10:00,14,28.852190956056624,55.65136414422592,11.690098207125429,20.028617839907486,15.64727422917229,24.00058578503912,0.5212164031138505,2023-10-31 02:10:00
31/10/2023,02:20:00,15,28.852190956056624,56.02634636379256,10.417413371920754,20.383521121535843,15.196459447743283,24.700310562384427,0.047802699388736,2023-10-31 02:20:00
31/10/2023,02:30:00,16,28.852190956056624,56.38846805651961,12.866611038866427,18.941644919726933,16.135319091234432,24.544387190938806,0.3370704584815005,2023-10-31 02:30:00
31/10/2023,02:40:00,17,28.852190956056624,56.736956436465576,9.45210095104414,18.97839226119833,14.52522768213236,25.11379032668168,0.8162378613905916,2023-10-31 02:40:00
31/10/2023,02:50:00,18,28.852190956056624,57.07106781186548,8.846002298203807,20.603133004876454,15.754057834636528,25.014699431105875,0.6800683955657447,2023-10-31 02:50:00
31/10/2023,03:00:00,19,28.852190956056624,57.390089172206594,8.23835874599157,19.78806236859023,14.165416242715915,24.51676289145111,0.5973538351652055,2023-10-31 03:00:00
31/10/2023,03:10:00,20,28.852190956056624,57.69333970982879,10.529252634862722,18.090518888907987,15.300573929709532,23.975717994954277,0.4458990446937295,2023-10-31 03:10:00
31/10/2023,03:20:00,21,28.852190956056624,57.9801722728024,11.790545658693544,17.708077661366833,13.133510570012469,24.67574826567812,0.5159761592049776,2023-10-31 03:20:00
31/10/2023,03:30:00,22,28.852190956056624,58.24997474598303,10.315451307976655,20.64922716753753,15.830381967866236,24.03402287477338,0.5160712782114144,2023-10-31 03:30:00
31/10/2023,03:40:00,23,28.852190956056624,58.50217135729614,11.884512316851652,19.4735685867924,16.054692678983926,21.14579394003794,0.2539585283572667,2023-10-31 03:40:00
31/10/2023,03:50:00,24,28.852190956056624,58.73622390646369,9.546727942692804,18.748183762629616,15.024219361933664,25.46955438036861,0.5737328360194685,2023-10-31 03:50:00
31/10/2023,04:00:00,25,28.852190956056624,58.95163291355063,10.087438310152727,21.856956266525334,13.562591712417778,24.046820754070943,0.9878444117512536,2023-10-31 04:00:00
31/10/2023,04:10:00,26,28.852190956056624,59.14793868488021,8.823561724331224,17.998629322255553,13.625116128033186,25.03410852804084,0.913280785371454,2023-10-31 04:10:00
31/10/2023,04:20:00,27,28.852190956056624,59.32472229404355,9.859880358559767,20.83452352947014,14.906157140242245,24.783396870471805,0.4553639144321507,2023-10-31 04:20:00
31/10/2023,04:30:00,28,28.852190956056624,59.48160647590966,10.559034578942011,19.898008507790603,14.13162378534334,24.8020742236975,0.2102044660607709,2023-10-31 04:30:00
31/10/2023,04:40:00,29,28.852190956056624,59.61825643172819,10.544854107693968,20.293945866250876,15.19588341654364,26.992799407300264,0.0683759268658341,2023-10-31 04:40:00
31/10/2023,04:50:00,30,28.852190956056624,59.73438054360693,10.835643081180118,18.810519771667565,14.778473360935674,24.77209665444728,0.7261953420541674,2023-10-31 04:50:00
31/10/2023,05:00:00,31,34.185380824203314,59.82973099683902,7.938358387238519,20.25437802326514,14.167745643939996,23.22062741698585,0.1152840657180079,2023-10-31 05:00:00
31/10/2023,05:10:00,32,33.90507296802443,59.90410430875205,12.360160315685087,21.979240649725128,17.12064641830478,25.38220025220065,0.9558042484870236,2023-10-31 05:10:00
31/10/2023,05:20:00,33,33.58609722410176,59.95734176295034,9.93829260016986,21.30988200453983,15.493827700213329,24.66126807039291,0.8924165000065044,2023-10-31 05:20:00
31/10/2023,05:30:00,34,33.229838658936565,59.98932974802373,10.358617922633096,19.09559558648824,16.473479732549297,26.08989018205018,0.5118918172690331,2023-10-31 05:30:00
31/10/2023,05:40:00,35,32.83784422966831,60.0,8.615908545158334,18.84896254576828,14.124236738993874,25.07090560220905,0.9601155537673354,2023-10-31 05:40:00
31/10/2023,05:50:00,36,32.41181606682885,59.98932974802373,10.23184409095271,19.263858084196787,13.836952451155502,23.86855811745277,0.6664106314059282,2023-10-31 05:50:00
31/10/2023,06:00:00,37,31.95360408329767,59.95734176295034,8.488132471670822,21.012010274788835,16.500677105001856,24.690673192603622,0.4894884632520947,2023-10-31 06:00:00
31/10/2023,06:10:00,38,31.465197941552056,59.90410430875205,9.988898179439468,19.8592381317277,14.808657755854004,24.122927545520124,0.8365952758718769,2023-10-31 06:10:00
31/10/2023,06:20:00,39,30.948718414092163,59.82973099683902,8.498488372169536,21.21163991372153,16.753218039187118,26.06897628666885,0.1742095699515741,2023-10-31 06:20:00
31/10/2023,06:30:00,40,30.406408174555978,59.73438054360693,10.506691159901452,20.44797294455723,15.796253500103754,25.240398253752808,0.3068637170452721,2023-10-31 06:30:00
31/10/2023,06:40:00,41,29.84062205951137,59.61825643172819,11.472921130069608,19.854054011646674,15.500891754422604,26.119899948957336,0.5177062986598151,2023-10-31 06:40:00
31/10/2023,06:50:00,42,29.25381684321075,59.48160647590966,9.028039916023468,20.73670740947968,15.31986942817511,25.72448027787392,0.5083268914243717,2023-10-31 06:50:00
31/10/2023,07:00:00,43,28.64854056970864,59.32472229404356,9.11547747513845,19.355442144718644,14.648942629543935,24.69521719651569,0.5793473893860182,2023-10-31 07:00:00
31/10/2023,07:10:00,44,28.027421488664725,59.14793868488021,9.422934181253234,19.65483881618917,15.52096633208712,24.109594501851472,0.3348786806691192,2023-10-31 07:10:00
31/10/2023,07:20:00,45,27.39315664287558,58.95163291355063,11.060998491250611,20.066494578469843,15.50284724627337,23.607273113747567,0.061232594386838,2023-10-31 07:20:00
31/10/2023,07:30:00,46,26.74850015709065,58.73622390646369,9.919983809080174,18.769690863977956,14.931343857306846,25.02295558099969,0.1379557819717474,2023-10-31 07:30:00
31/10/2023,07:40:00,47,26.096251278965177,58.50217135729614,8.814300037819812,18.22346243649539,17.284558166154913,24.472213838227947,0.8002267525626783,2023-10-31 07:40:00
31/10/2023,07:50:00,48,25.439242224079088,58.24997474598303,10.819169234379626,18.215369381070172,14.256359077582056,25.11072885951941,0.4265458889582434,2023-10-31 07:50:00
31/10/2023,08:00:00,49,24.78032587780146,57.9801722728024,9.012216622355048,20.347457991871448,14.337849126126365,24.735462123259065,0.2795629029110392,2023-10-31 08:00:00
31/10/2023,08:10:00,50,24.122363407401977,57.69333970982879,10.298748531556091,20.110715823756934,16.298913882539853,24.807802298810937,0.0590804169006077,2023-10-31 08:10:00
31/10/2023,08:20:00,51,23.468211838200524,57.390089172206594,10.55549504366108,20.261391672758016,16.368330612568872,24.618078021632765,0.2521276464763352,2023-10-31 08:20:00
31/10/2023,08:30:00,52,22.82071164770202,57.07106781186548,11.989194515751816,18.903160006566072,14.376735092238356,25.35775622974565,0.4958188001083281,2023-10-31 08:30:00
31/10/2023,08:40:00,53,22.182674431585703,56.736956436465576,8.573828549859284,20.1957812391483,15.806097609662856,23.301393314773883,0.2496489614851258,2023-10-31 08:40:00
31/10/2023,08:50:00,54,21.556870695106028,56.38846805651961,10.40400921176246,21.274826808985605,14.60779530961192,26.19238833817076,0.3371093719756314,2023-10-31 08:50:00
31/10/2023,09:00:00,55,20.94601782291764,56.02634636379256,10.177487286715335,20.411835574134425,14.68554668326314,24.769488389327943,0.471980845647092,2023-10-31 09:00:00
31/10/2023,09:10:00,56,20.35276827956232,55.65136414422592,9.203734394558005,20.23564314499385,15.989472928106016,25.119016819959995,0.3285910927264381,2023-10-31 09:10:00
31/10/2023,09:20:00,57,19.7796980918541,55.26432162877356,8.78183442659991,21.52317863278291,14.449970611164453,25.27729607422582,0.4318183438382459,2023-10-31 09:20:00
31/10/2023,09:30:00,58,19.229295663174653,54.86604478566856,10.820696976031444,19.732177996932563,14.317514860472608,24.716975331326488,0.3656217756764092,2023-10-31 09:30:00
31/10/2023,09:40:00,59,18.70395096824989,54.45738355776538,9.007867127516803,20.41373750468404,14.364099642276662,25.243978973298177,0.7346115684256016,2023-10-31 09:40:00
31/10/2023,09:50:00,60,18.20594517532662,54.03921004871895,9.87926864062814,20.909847587264693,14.448208057713629,26.859093980303246,0.1186032186723753,2023-10-31 09:50:00
31/10/2023,10:00:00,61,17.73744074081207,53.61241666187153,9.539118836272902,20.617455115283885,14.13013858070257,25.840294449857133,0.3969743408702734,2023-10-31 10:00:00
31/10/2023,10:10:00,62,17.300472019387698,53.17791419581901,8.07175584438068,21.112900303949,14.09086224115897,26.096940000931728,0.4068411365866494,2023-10-31 10:10:00
31/10/2023,10:20:00,63,16.896936430370367,52.73662990072083,10.524020990497537,19.578458015236254,16.39810465734116,24.49391383869971,0.0359085815805517,2023-10-31 10:20:00
31/10/2023,10:30:00,64,16.528586218678534,52.28950549950134,9.621928173715132,21.280586719425845,13.712649948063262,23.660172238352114,0.0015305136547413,2023-10-31 10:30:00
31/10/2023,10:40:00,65,16.197020846179306,51.8374951781657,10.178112576509236,20.788970086239093,14.496883293751926,24.635830820860363,0.6199016550549439,2023-10-31 10:40:00
31/10/2023,10:50:00,66,15.903680046454822,51.38156354951882,8.788393627177973,20.809498872108534,14.478323213178289,25.59227634678732,0.3778564428126412,2023-10-31 10:50:00
31/10/2023,11:00:00,67,15.649837573145854,50.92268359463302,9.372838176758735,21.407430392737435,15.727235115699582,24.553638476023437,0.1996466726201475,2023-10-31 11:00:00
31/10/2023,11:10:00,68,15.436595669018724,50.46183458645739,10.203119514244513,19.192704293769,14.90325776751983,24.07837227143171,0.754356481731764,2023-10-31 11:10:00
31/10/2023,11:20:00,69,15.2648802797721,50.0,10.196286852161574,20.943724752355173,13.974553106126368,24.96410132706228,0.0510891493926354,2023-10-31 11:20:00
31/10/2023,11:30:00,70,15.135437033366486,49.53816541354261,10.461790153484344,18.780819280016143,16.144972097935586,23.54275725051145,0.3173600878623548,2023-10-31 11:30:00
31/10/2023,11:40:00,71,15.048828002335044,49.07731640536698,11.99176449049953,21.059479933902228,13.106841317176352,24.52034333358339,0.9364666553391736,2023-10-31 11:40:00
31/10/2023,11:50:00,72,15.005429263134593,48.61843645048118,9.78858107028734,20.851289570370056,16.372036149968988,24.679938275798712,0.0979954873466651,2023-10-31 11:50:00
31/10/2023,12:00:00,73,15.005429263134593,48.1625048218343,10.281368208065578,17.944055292426786,14.87714570101679,24.73453941396953,0.0108306391248207,2023-10-31 12:00:00
31/10/2023,12:10:00,74,15.048828002335044,47.710494500498655,9.430324744528749,20.08854521684589,16.423051550752298,25.469567208596708,0.7434275725573252,2023-10-31 12:10:00
31/10/2023,12:20:00,75,15.135437033366482,47.26337009927917,9.329655904798768,17.892225518088363,14.605044928301224,24.03931016219249,0.1939572097319862,2023-10-31 12:20:00
31/10/2023,12:30:00,76,15.2648802797721,46.822085804180986,11.315258915773803,21.05998127662613,15.219008448947235,23.838107568998748,0.6324442077149941,2023-10-31 12:30:00
31/10/2023,12:40:00,77,15.436595669018722,46.38758333812847,10.014188827703352,21.1776145348585,15.381397684565446,26.04793513952782,0.6163871282006935,2023-10-31 12:40:00
31/10/2023,12:50:00,78,15.649837573145849,45.96078995128105,9.320383399349035,18.92539368847913,16.13960365699948,24.29085825756773,0.034054610040597,2023-10-31 12:50:00
31/10/2023,13:00:00,79,15.903680046454816,45.54261644223462,8.73001074621072,20.181745282604933,16.540943946594123,26.78890984457335,0.9320483008639742,2023-10-31 13:00:00
31/10/2023,13:10:00,80,16.1970208461793,45.13395521433144,9.68684178860268,19.57223454199536,14.82596802918624,24.169994802997017,0.8834506340253837,2023-10-31 13:10:00
31/10/2023,13:20:00,81,16.528586218678534,44.73567837122644,9.77228163711494,18.312287936692943,12.76373694182884,24.55389172861662,0.1401768855820413,2023-10-31 13:20:00
31/10/2023,13:30:00,82,16.89693643037036,44.34863585577408,10.722578822448671,21.22545725152067,16.02659475601263,23.72765186190001,0.7841643991205377,2023-10-31 13:30:00
31/10/2023,13:40:00,83,17.300472019387694,43.97365363620744,9.99580018566743,19.3449736262145,15.467120228882306,25.02262631327993,0.1725991862351606,2023-10-31 13:40:00
31/10/2023,13:50:00,84,17.737440740812062,43.61153194348039,10.926746911069236,18.93277440108557,16.343403530394568,24.873406027958872,0.2070924676130016,2023-10-31 13:50:00
31/10/2023,14:00:00,85,18.20594517532661,43.26304356353442,9.35646898867801,19.53225518000674,15.193210412709677,25.646921783658087,0.228003132025616,2023-10-31 14:00:00
31/10/2023,14:10:00,86,18.703950968249885,42.928932188134524,9.797392846162849,20.618301147849238,13.400260786865577,23.853871593451075,0.811246359061615,2023-10-31 14:10:00
31/10/2023,14:20:00,87,19.22929566317464,42.609910827793406,10.18522305367309,19.800321281140786,15.76620574998526,24.125159929702555,0.8142571308136213,2023-10-31 14:20:00
31/10/2023,14:30:00,88,19.77969809185409,42.30666029017121,10.13189511886002,22.01809885422056,15.40187788734852,25.233943951859214,0.3918170630650854,2023-10-31 14:30:00
31/10/2023,14:40:00,89,20.35276827956231,42.0198277271976,9.146797296834714,18.964798110578304,14.905267618852449,25.844234195935154,0.5306040440046534,2023-10-31 14:40:00
31/10/2023,14:50:00,90,20.946017822917632,41.750025254016975,10.35780500171991,19.603000656396684,16.048683343838437,23.90031450223803,0.1257454471543384,2023-10-31 14:50:00
31/10/2023,15:00:00,91,21.55687069510602,41.497828642703865,10.050233926777636,19.18589093195361,15.782335350106054,25.025011294126543,0.2837661567090956,2023-10-31 15:00:00
31/10/2023,15:10:00,92,22.182674431585696,41.26377609353631,11.259217553944849,20.025445300719976,15.747774915818551,24.748224739109094,0.3322380031904204,2023-10-31 15:10:00
31/10/2023,15:20:00,93,22.82071164770201,41.048367086449375,8.978104510002899,19.02207627913389,15.851753384483295,25.446143788722026,0.6000034145871644,2023-10-31 15:20:00
31/10/2023,15:30:00,94,23.468211838200517,40.85206131511979,8.488035930467756,21.787752267026093,14.45245348271575,23.817800654301607,0.7964387221623821,2023-10-31 15:30:00
31/10/2023,15:40:00,95,24.122363407401966,40.67527770595645,8.703457368652899,18.953307873652637,14.746524348176516,25.08903981333147,0.3036458100463743,2023-10-31 15:40:00
31/10/2023,15:50:00,96,24.780325877801445,40.51839352409034,11.131085498762666,20.341728036731467,15.181896354810092,26.08473516765943,0.3571444767875905,2023-10-31 15:50:00
31/10/2023,16:00:00,97,35.43924222407908,40.38174356827181,11.257338858732403,19.91946937271486,15.804498470890392,24.764251216098938,0.0825541472050226,2023-10-31 16:00:00
31/10/2023,16:10:00,98,16.096251278965166,40.26561945639307,11.439040554639249,20.593138610968417,15.374368528145869,25.06514372886189,0.5899615415489383,2023-10-31 16:10:00
31/10/2023,16:20:00,99,36.74850015709063,40.17026900316098,10.390856948622028,19.060453509125143,16.027661751862503,24.961672958374773,0.9637179762581544,2023-10-31 16:20:00
31/10/2023,16:30:00,100,17.393156642875574,40.09589569124795,11.635417086976672,19.76136343515116,13.909754910170983,26.764220626248875,0.6084680845980757,2023-10-31 16:30:00
31/10/2023,16:40:00,101,38.02742148866472,40.04265823704966,10.869735349514244,19.47654187717645,15.164162889386484,26.65945779706408,0.7722788983016322,2023-10-31 16:40:00
31/10/2023,16:50:00,102,28.64854056970863,40.01067025197628,8.596647782580815,19.423480412480323,14.126334633678775,24.08717026167071,0.1131544707347395,2023-10-31 16:50:00
31/10/2023,17:00:00,103,29.253816843210743,40.0,11.22294952439688,20.63918052129588,14.429773292777252,25.99443429283099,0.9858308630823616,2023-10-31 17:00:00
31/10/2023,17:10:00,104,29.840622059511364,40.01067025197627,8.485073999578038,20.188579196013823,14.824875464997444,24.185858034964927,0.5938889442987535,2023-10-31 17:10:00
31/10/2023,17:20:00,105,30.40640817455597,40.04265823704966,8.899412358402504,19.066725955810824,14.40644057537303,26.05896203437757,0.5451809445027206,2023-10-31 17:20:00
31/10/2023,17:30:00,106,30.948718414092152,40.09589569124795,10.55457838468911,18.43204657366117,16.853757606250337,24.87548951017164,0.4710744786518999,2023-10-31 17:30:00
31/10/2023,17:40:00,107,31.46519794155205,40.17026900316098,10.878149907103683,19.32704885639781,15.433442765681338,25.69150177400553,0.3281806521781432,2023-10-31 17:40:00
31/10/2023,17:50:00,108,31.95360408329766,40.26561945639307,10.476597528443111,21.014048122446177,14.720875821729448,24.757105000659077,0.1933831513231,2023-10-31 17:50:00
31/10/2023,18:00:00,109,32.41181606682885,40.38174356827181,8.926002510025825,19.75605388188172,16.820383350900105,24.18906151675692,0.2113082954302118,2023-10-31 18:00:00
31/10/2023,18:10:00,110,32.837844229668306,40.51839352409034,9.65625975715492,20.59586658099778,16.837677431744606,26.61232731572863,0.721529843713312,2023-10-31 18:10:00
31/10/2023,18:20:00,111,33.22983865893656,40.67527770595644,8.514661323155753,17.346838980424344,15.348265528247564,25.65886359075711,0.6539985139908384,2023-10-31 18:20:00
31/10/2023,18:30:00,112,33.58609722410176,40.85206131511979,10.275314550061804,19.047240380531026,16.241878831892695,25.06359792768347,0.883238808139393,2023-10-31 18:30:00
31/10/2023,18:40:00,113,33.90507296802442,41.04836708644938,10.389429916144682,19.176417371240618,15.20756783082216,24.00253269779277,0.5729441018499826,2023-10-31 18:40:00
31/10/2023,18:50:00,114,34.185380824203314,41.26377609353631,10.638136897546708,20.775628290091905,15.373858147663707,25.94446723541549,0.3609172020003305,2023-10-31 18:50:00
31/10/2023,19:00:00,115,34.42580363105477,41.49782864270386,11.090887934493662,18.568082107865145,15.720369913393794,25.765572654673203,0.2434518775889379,2023-10-31 19:00:00
31/10/2023,19:10:00,116,34.625297417109984,41.750025254016975,9.836684980398996,20.242859523613166,15.365261248450372,24.644953155965958,0.0655176770803172,2023-10-31 19:10:00
31/10/2023,19:20:00,117,34.78299593418068,42.0198277271976,9.246847054815792,18.85904376605407,13.006814975551723,23.19314502899864,0.3388057752262295,2023-10-31 19:20:00
31/10/2023,19:30:00,118,34.898214418809324,42.30666029017121,10.460760803581485,17.909707867560197,14.47665851377197,25.126151007643625,0.3418667887366057,2023-10-31 19:30:00
31/10/2023,19:40:00,119,34.97045256567043,42.60991082779341,11.406281304853428,20.37236509922863,16.138686613856216,25.041621648489546,0.8808044028527955,2023-10-31 19:40:00
31/10/2023,19:50:00,120,34.99939670001213,42.928932188134524,10.183883554739932,21.003469056325244,16.205017360128224,24.821038342206062,0.1426318082617325,2023-10-31 19:50:00
31/10/2023,21:10:00,121,33.6966367980047,43.26304356353443,9.070172507324388,18.50345612658331,14.685136846172936,24.998470179320883,0.6759600281337151,2023-10-31 21:10:00
31/10/2023,21:20:00,122,33.35264181880985,43.61153194348039,11.211695118638508,21.38333357490156,16.13500212612745,24.22432734852372,0.3185134307663044,2023-10-31 21:20:00
31/10/2023,21:30:00,123,32.97237773577123,43.97365363620744,9.700346011343669,20.60323306395457,13.767273207666427,24.17839179379187,0.1978178440736775,2023-10-31 21:30:00
31/10/2023,21:40:00,124,32.5574957435426,44.34863585577408,8.60631235291908,20.207663846647883,16.23901699607948,25.46021626789228,0.8421451563520963,2023-10-31 21:40:00
31/10/2023,21:50:00,125,32.10979735575103,44.73567837122644,8.33747286409894,19.692111903860592,15.507859949398409,24.13678817399389,0.938606783693592,2023-10-31 21:50:00
31/10/2023,22:00:00,126,31.631226582407955,45.13395521433144,10.552916658430242,21.0081624974139,13.95376450440303,23.61690043447069,0.8996626766100988,2023-10-31 22:00:00
31/10/2023,22:10:00,127,31.12386148856771,45.54261644223462,10.036930787019845,18.84414088776248,15.608361180669707,26.02172940561437,0.719829377439911,2023-10-31 22:10:00
31/10/2023,22:20:00,128,30.589905170888144,45.96078995128104,9.566959943510357,19.05347015175177,15.90372752590742,25.044944843822904,0.5592593253233095,2023-10-31 22:20:00
31/10/2023,22:30:00,129,30.031676191275047,46.38758333812847,9.786347895514927,20.93705511576404,16.105064333151354,26.220122006714504,0.3502926229747676,2023-10-31 22:30:00
31/10/2023,22:40:00,130,29.45159850914981,46.822085804180986,11.15559492292804,20.37764880176495,14.795796020979132,25.096876666656225,0.0684673564486982,2023-10-31 22:40:00
31/10/2023,22:50:00,131,28.85219095605664,47.263370099279165,9.692270315649903,20.097569146736458,17.026315918546736,25.83578779251528,0.2157791197274797,2023-10-31 22:50:00
31/10/2023,23:00:00,132,28.236056298312967,47.71049450049866,11.586286615479544,19.29724546620413,15.244563607421233,26.451648860704648,0.7938790036501746,2023-10-31 23:00:00
31/10/2023,23:10:00,133,27.60586993519585,48.1625048218343,10.914453578711878,20.1604707264796,16.47670738448893,25.43539807919593,0.2608080019286827,2023-10-31 23:10:00
31/10/2023,23:20:00,134,26.96436828173908,48.61843645048118,11.702816929096011,20.39758990745994,16.100439231490537,23.46752018463852,0.4951316872129744,2023-10-31 23:20:00
31/10/2023,23:30:00,135,26.314336886585828,49.07731640536698,9.845929630839,20.599389643013858,16.46093930981557,24.829051043857888,0.4287390081698903,2023-10-31 23:30:00
31/10/2023,23:40:00,136,25.65859833649172,49.53816541354261,9.94952158197157,21.39059053847174,15.001228849957766,24.51616664198892,0.6893705513260179,2023-10-31 23:40:00
31/10/2023,23:50:00,137,25.000000000000004,50.0,9.554305797361009,20.65025086797884,16.033223632060583,25.7223690414756,0.2300426792837648,2023-10-31 23:50:00
